-1,-1,-1,-1,-1,-1,-1,-1,-1,-1,-1,-1,-1,-1,-1,-1,-1,-1,-1,-1,-1,-1,-1,-1,-1,-1,-1,-1,-1,-1,-1,-1,-1,-1,-1,-1,-1,-1,-1,-1,-1,-1,-1,-1,-1,-1,-1,-1,-1,-1,-1,-1,-1,-1,-1,-1,-1,-1,-1,-1,-1,-1,-1,-1,-1,-1,-1,-1,-1,-1,-1,-1,-1,-1,-1,-1,-1,-1,-1,-1,-1,-1,-1,-1,-1,-1,-1,-1,-1,-1,-1,-1,-1,-1,-1,-1,-1,-1,-1,-1,-1,-1,-1,-1,-1,-1,-1,-1,-1,-1,-1,-1,-1,-1,-1,-1,-1,-1,-1,-1,-1,-1,-1,-1,-1,-1,-1,-1,-1,-1,-1,-1,-1,-1,-1,-1,-1,-1,-1,-1,-1,-1,-1,-1,-1,-1,-1,-1,-1,-1,-1,-1,-1,-1,-1,-1,-1,-1,-1,-1,-1,-1,-1,-1,-1,-1,-1,-1,-1,-1,-1,-1,-1,-1,-1,-1,-1,-1,-1,-1,-1,-1,-1,-1,-1,-1,-1,-1,-1,-1,-1,-1,-1,-1,-1,-1,-1,-1,-1,-1
-1,-1,-1,-1,-1,-1,-1,-1,-1,-1,-1,-1,-1,-1,-1,-1,-1,-1,-1,-1,-1,-1,-1,-1,-1,-1,-1,-1,-1,-1,-1,-1,-1,-1,-1,-1,-1,-1,-1,-1,-1,-1,-1,-1,-1,-1,-1,-1,-1,-1,-1,-1,-1,-1,-1,-1,-1,-1,-1,-1,-1,-1,-1,-1,-1,-1,-1,-1,-1,-1,-1,-1,-1,-1,-1,-1,-1,-1,-1,-1,-1,-1,-1,-1,-1,-1,-1,-1,-1,-1,-1,-1,-1,-1,-1,-1,-1,-1,-1,-1,-1,-1,-1,-1,-1,-1,-1,-1,-1,-1,-1,-1,-1,-1,-1,-1,-1,-1,-1,-1,-1,-1,-1,-1,-1,-1,-1,-1,-1,-1,-1,-1,-1,-1,-1,-1,-1,-1,-1,-1,-1,-1,-1,-1,-1,-1,-1,-1,-1,-1,-1,-1,-1,-1,-1,-1,-1,-1,-1,-1,-1,-1,-1,-1,-1,-1,-1,-1,-1,-1,-1,-1,-1,-1,-1,-1,-1,-1,-1,-1,-1,-1,-1,-1,-1,-1,-1,-1,-1,-1,-1,-1,-1,-1,-1,-1,-1,-1,-1,-1
-1,-1,-1,-1,-1,-1,-1,-1,-1,-1,-1,-1,-1,-1,-1,-1,-1,-1,-1,-1,-1,-1,-1,-1,-1,-1,-1,-1,-1,-1,-1,-1,-1,-1,-1,-1,-1,-1,-1,-1,-1,-1,-1,-1,-1,-1,-1,-1,-1,-1,-1,-1,-1,-1,-1,-1,-1,-1,-1,-1,-1,-1,-1,-1,-1,-1,-1,-1,-1,-1,-1,-1,-1,-1,-1,-1,-1,-1,-1,-1,-1,-1,-1,-1,-1,-1,-1,-1,-1,-1,-1,-1,-1,-1,-1,-1,-1,-1,-1,-1,-1,-1,-1,-1,-1,-1,-1,-1,-1,-1,-1,-1,-1,-1,-1,-1,-1,-1,-1,-1,-1,-1,-1,-1,-1,-1,-1,-1,-1,-1,-1,-1,-1,-1,-1,-1,-1,-1,-1,-1,-1,-1,-1,-1,-1,-1,-1,-1,-1,-1,-1,-1,-1,-1,-1,-1,-1,-1,-1,-1,-1,-1,-1,-1,-1,-1,-1,-1,-1,-1,-1,-1,-1,-1,-1,-1,-1,-1,-1,-1,-1,-1,-1,-1,-1,-1,-1,-1,-1,-1,-1,-1,-1,-1,-1,-1,-1,-1,-1,-1
-1,-1,-1,-1,-1,-1,-1,-1,-1,-1,-1,-1,-1,-1,-1,-1,-1,-1,-1,-1,-1,-1,-1,-1,-1,-1,-1,-1,-1,-1,-1,-1,-1,-1,-1,-1,-1,-1,-1,-1,-1,-1,-1,-1,-1,-1,-1,-1,-1,-1,-1,-1,-1,-1,-1,-1,-1,-1,-1,-1,-1,-1,-1,-1,-1,-1,-1,-1,-1,-1,-1,-1,-1,-1,-1,-1,-1,-1,-1,-1,-1,-1,-1,-1,-1,-1,-1,-1,-1,-1,-1,-1,-1,-1,-1,-1,-1,-1,-1,-1,-1,-1,-1,-1,-1,-1,-1,-1,-1,-1,-1,-1,-1,-1,-1,-1,-1,-1,-1,-1,-1,-1,-1,-1,-1,-1,-1,-1,-1,-1,-1,-1,-1,-1,-1,-1,-1,-1,-1,-1,-1,-1,-1,-1,-1,-1,-1,-1,-1,-1,-1,-1,-1,-1,-1,-1,-1,-1,-1,-1,-1,-1,-1,-1,-1,-1,-1,-1,-1,-1,-1,-1,-1,-1,-1,-1,-1,-1,-1,-1,-1,-1,-1,-1,-1,-1,-1,-1,-1,-1,-1,-1,-1,-1,-1,-1,-1,-1,-1,-1
-1,-1,-1,-1,-1,-1,-1,-1,-1,-1,-1,-1,-1,-1,-1,-1,-1,-1,-1,-1,-1,-1,-1,-1,-1,-1,-1,-1,-1,-1,-1,-1,-1,-1,-1,-1,-1,-1,-1,-1,-1,-1,-1,-1,-1,-1,-1,-1,-1,-1,-1,-1,-1,-1,-1,-1,-1,-1,-1,-1,-1,-1,-1,-1,-1,-1,-1,-1,-1,-1,-1,-1,-1,-1,-1,-1,-1,-1,-1,-1,-1,-1,-1,-1,-1,-1,-1,-1,-1,-1,-1,-1,-1,-1,-1,-1,-1,-1,-1,-1,-1,-1,-1,-1,-1,-1,-1,-1,-1,-1,-1,-1,-1,-1,-1,-1,-1,-1,-1,-1,-1,-1,-1,-1,-1,-1,-1,-1,-1,-1,-1,-1,-1,-1,-1,-1,-1,-1,-1,-1,-1,-1,-1,-1,-1,-1,-1,-1,-1,-1,-1,-1,-1,-1,-1,-1,-1,-1,-1,-1,-1,-1,-1,-1,-1,-1,-1,-1,-1,-1,-1,-1,-1,-1,-1,-1,-1,-1,-1,-1,-1,-1,-1,-1,-1,-1,-1,-1,-1,-1,-1,-1,-1,-1,-1,-1,-1,-1,-1,-1
-1,-1,-1,-1,-1,-1,-1,-1,-1,-1,-1,-1,-1,-1,-1,-1,-1,-1,-1,-1,-1,-1,-1,-1,-1,-1,-1,-1,-1,-1,-1,-1,-1,-1,-1,-1,-1,-1,-1,-1,-1,-1,-1,-1,-1,-1,-1,-1,-1,-1,-1,-1,-1,-1,-1,-1,-1,-1,-1,-1,-1,-1,-1,-1,-1,-1,-1,-1,-1,-1,-1,-1,-1,-1,-1,-1,-1,-1,-1,-1,-1,-1,-1,-1,-1,-1,-1,-1,-1,-1,-1,-1,-1,-1,-1,-1,-1,-1,-1,-1,-1,-1,-1,-1,-1,-1,-1,-1,-1,-1,-1,-1,-1,-1,-1,-1,-1,-1,-1,-1,-1,-1,-1,-1,-1,-1,-1,-1,-1,-1,-1,-1,-1,-1,-1,-1,-1,-1,-1,-1,-1,-1,-1,-1,-1,-1,-1,-1,-1,-1,-1,-1,-1,-1,-1,-1,-1,-1,-1,-1,-1,-1,-1,-1,-1,-1,-1,-1,-1,-1,-1,-1,-1,-1,-1,-1,-1,-1,-1,-1,-1,-1,-1,-1,-1,-1,-1,-1,-1,-1,-1,-1,-1,-1,-1,-1,-1,-1,-1,-1
-1,-1,-1,-1,-1,-1,-1,-1,-1,-1,-1,-1,-1,-1,-1,-1,-1,-1,-1,-1,-1,-1,-1,-1,-1,-1,-1,-1,-1,-1,-1,-1,-1,-1,-1,-1,-1,-1,-1,-1,-1,-1,-1,-1,-1,-1,-1,-1,-1,-1,-1,-1,-1,-1,-1,-1,-1,-1,-1,-1,-1,-1,-1,-1,-1,-1,-1,-1,-1,-1,-1,-1,-1,-1,-1,-1,-1,-1,-1,-1,-1,-1,-1,-1,-1,-1,-1,-1,-1,-1,-1,-1,-1,-1,-1,-1,-1,-1,-1,-1,-1,-1,-1,-1,-1,-1,-1,-1,-1,-1,-1,-1,-1,-1,-1,-1,-1,-1,-1,-1,-1,-1,-1,-1,-1,-1,-1,-1,-1,-1,-1,-1,-1,-1,-1,-1,-1,-1,-1,-1,-1,-1,-1,-1,-1,-1,-1,-1,-1,-1,-1,-1,-1,-1,-1,-1,-1,-1,-1,-1,-1,-1,-1,-1,-1,-1,-1,-1,-1,-1,-1,-1,-1,-1,-1,-1,-1,-1,-1,-1,-1,-1,-1,-1,-1,-1,-1,-1,-1,-1,-1,-1,-1,-1,-1,-1,-1,-1,-1,-1
-1,-1,-1,-1,-1,-1,-1,-1,-1,-1,-1,-1,-1,-1,-1,-1,-1,-1,-1,-1,-1,-1,-1,-1,-1,-1,-1,-1,-1,-1,-1,-1,-1,-1,-1,-1,-1,-1,-1,-1,-1,-1,-1,-1,-1,-1,-1,-1,-1,-1,-1,-1,-1,-1,-1,-1,-1,-1,-1,-1,-1,-1,-1,-1,-1,-1,-1,-1,-1,-1,-1,-1,-1,-1,-1,-1,-1,-1,-1,-1,-1,-1,-1,-1,-1,-1,-1,-1,-1,-1,-1,-1,-1,-1,-1,-1,-1,-1,-1,-1,-1,-1,-1,-1,-1,-1,-1,-1,-1,-1,-1,-1,-1,-1,-1,-1,-1,-1,-1,-1,-1,-1,-1,-1,-1,-1,-1,-1,-1,-1,-1,-1,-1,-1,-1,-1,-1,-1,-1,-1,-1,-1,-1,-1,-1,-1,-1,-1,-1,-1,-1,-1,-1,-1,-1,-1,-1,-1,-1,-1,-1,-1,-1,-1,-1,-1,-1,-1,-1,-1,-1,-1,-1,-1,-1,-1,-1,-1,-1,-1,-1,-1,-1,-1,-1,-1,-1,-1,-1,-1,-1,-1,-1,-1,-1,-1,-1,-1,-1,-1
-1,-1,-1,-1,-1,-1,-1,-1,-1,-1,-1,-1,-1,-1,-1,-1,-1,-1,-1,-1,-1,-1,-1,-1,-1,-1,-1,-1,-1,-1,-1,-1,-1,-1,-1,-1,-1,-1,-1,-1,-1,-1,-1,-1,-1,-1,-1,-1,-1,-1,-1,-1,-1,-1,-1,-1,-1,-1,-1,-1,-1,-1,-1,-1,-1,-1,-1,-1,-1,-1,-1,-1,-1,-1,-1,-1,-1,-1,-1,-1,-1,-1,-1,-1,-1,-1,-1,-1,-1,-1,-1,-1,-1,-1,-1,-1,-1,-1,-1,-1,-1,-1,-1,-1,-1,-1,-1,-1,-1,-1,-1,-1,-1,-1,-1,-1,-1,-1,-1,-1,-1,-1,-1,-1,-1,-1,-1,-1,-1,-2147483639,-1,-2147483639,8,-2147483639,-2147483639,9,3,3,12,-1,-1,-1,-1,-1,-1,-1,-1,-1,-1,-1,-1,-1,-1,-1,-1,-1,-1,-1,-1,-1,-1,-1,-1,-1,-1,-1,-1,-1,-1,-1,-1,-1,-1,-1,-1,-1,-1,-1,-1,-1,-1,-1,-1,-1,-1,-1,-1,-1,-1,-1,-1,-1,-1,-1,-1,-1,-1,-1,-1,-1
-1,-1,-1,-1,-1,-1,-1,-1,-1,-1,-1,-1,-1,-1,-1,-1,-1,-1,-1,-1,-1,-1,-1,-1,-1,-1,-1,-1,-1,-1,-1,-1,-1,-1,-1,-1,-1,-1,-1,-1,-1,-1,-1,-1,-1,-1,-1,-1,-1,-1,-1,-1,-1,-1,-1,-1,-1,-1,-1,-1,-1,-1,-1,-1,-1,-1,-1,-1,-1,-1,-1,-1,-1,-1,-1,-1,-1,-1,-1,-1,-1,-1,-1,12,-2147483646,-2147483636,-2147483636,-2147483636,-2147483636,2,5,5,-2147483639,-1,-1,-1,-1,-1,9,-2147483639,-2147483640,3,8,-2147483643,2,5,-2147483643,-2147483636,-2147483639,-2147483640,-2147483639,-2147483640,-1,-1,-1,-1,-1,-1,-1,-1,-1,-1,-1,-1,-1,-1,-1,-1,-1,4,-1,-1,-2147483645,-2147483645,9,-2147483639,9,-1,12,-1,-1,-1,-1,-1,-1,-1,-1,-1,-1,-1,-1,-1,-1,-1,-1,-1,-1,-1,-1,-1,-1,-1,-1,-1,-1,-1,-1,-1,-1,-1,-1,-1,-1,-1,-1,-1,-1,-1,-1,-1,-1,-1,-1,-1,-1,-1,-1,-1,-1,-1,-1,-1,-1,-1,-1,-1,-1,-1,-1,-1
-1,-1,-1,-1,-1,-1,-1,-1,-1,-1,-1,-1,-1,-1,-1,-1,-1,-1,-1,-1,-1,-1,-1,-1,-1,-1,-1,-1,-1,-1,-1,-1,-1,-1,-1,-1,-1,-1,-1,-1,-1,-1,-1,-1,-1,-1,-1,-1,-1,-1,-1,-1,-1,-1,-1,-1,-1,-1,-1,-1,-1,-1,-1,-1,-1,-1,-1,-1,-1,-1,-1,-1,-1,-1,-1,-1,-1,-1,-1,-1,-1,-1,-1,9,4,9,-2147483636,-2147483636,-2147483643,-2147483640,12,5,-2147483643,-2147483639,9,-2147483639,-2147483639,9,-2147483639,5,-1,9,5,-2147483640,-1,9,12,9,-1,-2147483644,-2147483646,-2147483635,-1,-1,-1,-1,-1,-1,-1,-1,-1,-1,-1,-1,-1,-1,-1,-1,-1,4,3,-2147483643,-1,-1,-1,-1,3,-2147483636,3,-1,-1,-1,-1,-1,-1,-1,-1,-1,-1,-1,-1,-1,-1,-1,-1,-1,-1,-1,-1,-1,-1,-1,-1,-1,-1,-1,-1,-1,-1,-1,-1,-1,-1,-1,-1,-1,-1,-1,-1,-1,-1,-1,-1,-1,-1,-1,-1,-1,-1,-1,-1,-1,-1,-1,-1,-1,-1,-1,-1,-1
-1,-1,-1,-1,-1,-1,-1,-1,-1,-1,-1,-1,-1,-1,-1,-1,-1,-1,-1,-1,-1,-1,-1,-1,-1,-1,-1,-1,-1,-1,-1,-1,-1,-1,-1,-1,-1,-1,-1,-1,-1,-1,-1,-1,-1,-1,-1,-1,-1,-1,-1,-1,-1,-1,-1,-1,-1,-1,-1,-1,-1,-1,-1,-1,-1,-1,-1,-1,-1,-1,-1,-1,-1,-1,-1,-1,-1,-1,-1,-1,-1,-1,-1,8,-2147483643,-1,5,-2147483643,-2147483636,-2147483639,-2147483640,-2147483639,-2147483640,12,9,9,12,9,13,9,-2147483639,9,9,9,5,9,9,12,9,12,12,9,-1,-1,-1,-1,-1,-1,-1,-1,-1,-1,-1,-1,-1,-1,-1,-1,-1,8,-2147483639,-2147483639,-2147483639,9,8,3,9,-2147483636,-1,-1,-1,-1,-1,-1,-1,-1,-1,-1,-1,-1,-1,-1,-1,-1,-1,-1,-1,-1,-1,-1,-1,-1,-1,-1,-1,-1,-1,-1,-1,-1,-1,-1,-1,-1,-1,-1,-1,-1,-1,-1,-1,-1,-1,-1,-1,-1,-1,-1,-1,-1,-1,-1,-1,-1,-1,-1,-1,-1,-1,-1
-1,-1,-1,-1,-1,-1,-1,-1,-1,-1,-1,-1,-1,-1,-1,-1,-1,-1,-1,-1,-1,-1,-1,-1,-1,-1,-1,-1,-1,-1,-1,-1,-1,-1,-1,-1,-1,-1,-1,-1,-1,-1,-1,-1,-1,-1,-1,-1,-1,-1,-1,-1,-1,-1,-1,-1,-1,-1,-1,-1,-1,-1,-1,-1,-1,-1,-1,-1,-1,-1,-1,-1,-1,-1,-1,-1,-1,-1,-1,-1,-1,-1,-1,-1,-2147483640,3,-1,12,9,12,-2147483644,-2147483646,-2147483635,-2147483639,-1,12,-1,12,4,-1,-2147483636,-2147483636,-1,12,9,13,9,13,12,12,-1,9,9,-1,-1,-1,-1,-1,-1,-1,-1,-1,-1,-1,-1,-1,-1,-1,-1,-2147483639,12,-2147483643,12,12,12,-1,-2147483635,9,9,-1,-1,-1,-1,-1,-1,-1,-1,-1,-1,-1,-1,-1,-1,-1,-1,-1,-1,-1,-1,-1,-1,-1,-1,-1,-1,-1,-1,-1,-1,-1,-1,-1,-1,-1,-1,-1,-1,-1,-1,-1,-1,-1,-1,-1,-1,-1,-1,-1,-1,-1,-1,-1,-1,-1,-1,-1,-1,-1,-1,-1
-1,-1,-1,-1,-1,-1,-1,-1,-1,-1,-1,-1,-1,-1,-1,-1,-1,-1,-1,-1,-1,-1,-1,-1,-1,-1,-1,-1,-1,-1,-1,-1,-1,-1,-1,-1,-1,-1,-1,-1,-1,-1,-1,-1,-1,-1,-1,-1,-1,-1,-1,-1,-1,-1,-1,-1,-1,-1,-1,-1,-1,-1,-1,-1,-1,-1,-1,-1,-1,-1,-1,-1,-1,-1,-1,-1,-1,-1,-1,-1,-1,-1,-1,-1,9,5,9,9,12,9,12,12,12,9,12,-1,-1,-1,12,-1,-2147483640,9,-2147483644,-2147483639,-2147483644,-2147483639,-2147483639,12,-2147483635,12,-2147483636,12,-2147483644,-1,-1,-1,-1,-1,-1,-1,-1,-1,-1,-1,-1,-1,-1,-1,9,-1,-1,4,3,8,-2147483643,-2147483636,-1,-1,-2147483635,-1,-1,-1,-1,-1,-1,-1,-1,-1,-1,-1,-1,-1,-1,-1,-1,-1,-1,-1,-1,-1,-1,-1,-1,-1,-1,-1,-1,-1,-1,-1,-1,-1,-1,-1,-1,-1,-1,-1,-1,-1,-1,-1,-1,-1,-1,-1,-1,-1,-1,-1,-1,-1,-1,-1,-1,-1,-1,-1,-1,-1
-1,-1,-1,-1,-1,-1,-1,-1,-1,-1,-1,-1,-1,-1,-1,-1,-1,-1,-1,-1,-1,-1,-1,-1,-1,-1,-1,-1,-1,-1,-1,-1,-1,-1,-1,-1,-1,-1,-1,-1,-1,-1,-1,-1,-1,-1,-1,-1,-1,-1,-1,-1,-1,-1,-1,-1,-2147483638,-2147483639,-1,-1,-1,-1,-1,-1,-1,-1,-1,-1,-1,-1,-1,-1,-1,-1,-1,-1,-1,-1,-1,-1,-1,-1,-1,-1,-1,9,13,-1,-1,12,12,12,9,-1,-1,-1,-1,12,12,-2147483639,5,-2147483644,-2147483636,-1,12,12,-2147483636,-2147483639,-2147483635,-2147483636,-2147483636,-2147483643,-2147483643,-1,-1,-1,-1,-1,-1,-1,-1,-1,-1,-1,-1,-1,-1,-1,-2147483636,-2147483636,12,12,4,-2147483643,9,-2147483636,9,-2147483636,4,-1,-1,-1,-1,-1,-1,-1,-1,-1,-1,-1,-1,-1,-1,-1,-1,-1,-1,-1,-1,-1,-1,-1,-1,-1,-1,-1,-1,-1,-1,-1,-1,-1,-1,-1,-1,-1,-1,-1,-1,-1,-1,-1,-1,-1,-1,-1,-1,-1,-1,-1,-1,-1,-1,-1,-1,-1,-1,-1,-1,-1
-1,-1,-1,-1,-1,-1,-1,-1,-1,-1,-1,-1,-1,-1,-1,-1,-1,-1,-1,-1,-1,-1,-1,-1,-1,-1,-1,-1,-1,-1,-1,-1,-1,-1,-1,-1,-1,-1,-1,-1,-1,-1,-1,-1,-1,-1,-1,-1,-1,-1,-1,-1,-1,-1,-1,-1,-2147483634,-2147483635,-1,-1,-1,-1,-1,-1,-1,-1,-1,-1,-1,-1,-1,-1,-1,-1,-1,-1,-1,-1,-1,-1,-1,-1,-1,-1,-2147483639,-2147483644,-2147483639,-2147483639,12,-2147483635,12,-2147483636,12,-1,-1,-1,-1,-2147483644,12,4,9,-2147483644,12,-2147483636,9,9,-2147483640,-2147483636,-2147483636,-2147483639,-2147483636,-2147483639,-2147483635,-1,-1,-1,-1,-1,13,-1,-1,-1,-1,-1,-1,-1,-1,12,4,-2147483643,-1,-2147483636,-2147483636,-2147483639,-1,-2147483635,-2147483636,12,-1,-1,-1,-1,-1,-1,-1,-1,-1,-1,-1,-1,-1,-1,-1,-1,-1,-1,-1,-1,-1,-1,-1,-1,-1,-1,-1,-1,-1,-1,-1,-1,-1,-1,-1,-1,-1,-1,-1,-1,-1,-1,-1,-1,-1,-1,-1,-1,-1,-1,-1,-1,-1,-1,-1,-1,-1,-1,-1,-1,-1,-1
-1,-1,-1,-1,-1,-1,-1,-1,-1,-1,-1,-1,-1,-1,-1,-1,-1,-1,-1,-1,-1,-1,-1,-1,-1,-1,-1,-1,-1,-1,-1,-1,-1,-1,-1,-1,-1,-1,-1,-1,-1,-1,-1,-1,-1,-1,-1,-1,-1,-1,-1,-1,-1,-1,-1,-1,-1,-1,-1,-1,-1,-1,-1,-1,-1,-1,-1,-1,-1,-1,-1,-1,-1,-1,-1,-1,-1,-1,-1,-1,-1,-1,-1,-1,-2147483636,12,12,-2147483636,-2147483639,-1,-2147483636,-2147483636,-1,-1,-1,-2147483644,12,12,12,-2147483644,5,8,8,12,-2147483636,-2147483636,9,-2147483636,-2147483636,-2147483636,-2147483640,9,9,-1,-1,-1,-1,-1,-1,-1,-1,-1,-1,-1,-1,12,12,12,-1,9,5,-2147483636,9,-2147483644,-2147483639,-2147483645,-2147483646,-1,-1,-1,-1,-1,-1,-1,-1,-1,-1,-1,-1,-1,-1,-1,-1,-1,-1,-1,-1,-1,-1,-1,-1,-1,-1,-1,-1,-1,-1,-1,-1,-1,-1,-1,-1,-1,-1,-1,-1,-1,-1,-1,-1,-1,-1,-1,-1,-1,-1,-1,-1,-1,-1,-1,-1,-1,-1,-1,-1,-1,-1,-1
-1,-1,-1,-1,-1,-1,-1,-1,-1,-1,-1,-1,-1,-1,-1,-1,-1,-1,-1,-1,-1,-1,-1,-1,-1,-1,-1,-1,-1,-1,-1,-1,-1,-1,-1,-1,-1,-1,-1,-1,-1,-1,-1,-1,-1,-1,-1,-1,-1,-1,-1,-1,-1,-1,-1,-1,-1,-1,-1,-1,-1,-1,-1,-1,-1,-1,-1,-1,-1,-1,-1,-1,-1,-1,-1,-1,-1,-1,-1,-1,-1,-1,-1,-1,12,-2147483636,-2147483636,12,-2147483636,-2147483636,-2147483636,-2147483640,-1,-1,4,-2147483643,12,-2147483643,8,2,-1,12,12,12,-1,-2147483636,-2147483636,-2147483636,-2147483636,9,5,5,-2147483639,-2147483646,-2147483646,12,12,-1,8,9,-2147483639,9,-2147483644,-2147483646,-2147483646,-2147483646,-1,-1,13,-2147483639,-2147483636,9,12,12,8,-1,-2147483639,-1,-1,-1,-1,-1,-1,-1,-1,-1,-1,-1,-1,-1,-1,-1,-1,-1,-1,-1,-1,-1,-1,-1,-1,-1,-1,-1,-1,-1,-1,-1,-1,-1,-1,-1,-1,-1,-1,-1,-1,-1,-1,-1,-1,-1,-1,-1,-1,-1,-1,-1,-1,-1,-1,-1,-1,-1,-1,-1,-1,-1,-1,-1
-1,-1,-1,-1,-1,-1,-1,-1,-1,-1,-1,-1,-1,-1,-1,-1,-1,-1,-1,-1,-1,-1,-1,-1,-1,-1,-1,-1,-1,-1,-1,-1,-1,-1,-1,-1,-1,-1,-1,-1,-1,-1,-1,-1,-1,-1,-1,-1,-1,-1,-1,-1,-1,-1,-1,-1,-1,-1,-1,-1,-1,-1,-1,-1,-1,-1,-1,-1,-1,-1,-1,-1,-1,-1,-1,-1,-1,-1,-1,-1,-1,-1,-1,-1,12,8,-1,-2147483636,-2147483636,-2147483636,-2147483644,5,5,-2147483639,-2147483644,4,12,12,-1,-2147483639,9,9,4,9,4,9,-2147483636,-1,9,-2147483640,12,5,-2147483643,-2147483639,-1,-1,-1,-1,9,9,12,-2147483644,-2147483644,12,-2147483646,-2147483636,5,12,12,-1,8,-1,12,12,-2147483639,12,12,-1,-1,-1,-1,-1,-1,-1,-1,-1,-1,-1,-1,-1,-1,-1,-1,-1,-1,-1,-1,-1,-1,-1,-1,-1,-1,-1,-1,-1,-1,-1,-1,-1,-1,-1,-1,-1,-1,-1,-1,-1,-1,-1,-1,-1,-1,-1,-1,-1,-1,-1,-1,-1,-1,-1,-1,-1,-1,-1,-1,-1,-1,-1
-1,-1,-1,-1,-1,-1,-1,-1,-1,-1,-1,-1,-1,-1,-1,-1,-1,-1,-1,-1,-1,-1,-1,-1,-1,-1,-1,-1,-1,-1,-1,-1,-1,-1,-1,-1,-1,-1,-1,-1,-1,-1,-1,-1,-1,-1,-1,-1,-1,-1,-1,-1,-1,-1,-1,-1,-1,-1,-1,-1,-1,-1,-1,-1,-1,-1,-1,-1,-1,-1,-1,-1,-1,-1,-1,-1,-1,-1,-1,-1,-1,-1,-1,-1,9,4,9,-2147483636,-2147483636,4,-2147483640,12,-1,-2147483643,-1,-2147483639,12,9,-2147483639,9,-2147483639,-2147483636,-2147483636,8,12,12,5,-1,-2147483636,-2147483639,-1,-2147483639,-2147483640,12,-1,-1,-2147483645,-2147483646,12,12,-2147483639,-2147483639,13,9,-1,-1,-1,-1,-2147483639,12,-2147483639,-2147483636,12,-2147483636,-2147483636,-2147483636,12,-1,-1,-1,-1,-1,-1,-1,-1,-1,-1,-1,-1,-1,-1,-1,-1,-1,-1,-1,-1,-1,-1,-1,-1,-1,-1,-1,-1,-1,-1,-1,-1,-1,-1,-1,-1,-1,-1,-1,-1,-1,-1,-1,-1,-1,-1,-1,-1,-1,-1,-1,-1,-1,-1,-1,-1,-1,-1,-1,-1,-1,-1,-1
-1,-1,-1,-1,-1,-1,-1,-1,-1,-1,-1,-1,-1,-1,-1,-1,-1,-1,-1,-1,-1,-1,-1,-1,-1,-1,-1,-1,-1,-1,-1,-1,-1,-1,-1,-1,-1,-1,-1,-1,-1,-1,-1,-1,-1,-1,-1,-1,-1,-1,-1,-1,-1,-1,-1,-1,-1,-1,-1,-1,-1,-1,-1,-1,-1,-1,-1,-1,-1,-1,-1,-1,-1,-1,-1,-1,-1,-1,-1,-1,-1,-1,-1,-1,8,-1,8,5,12,-1,-2147483639,-2147483640,-2147483639,-2147483640,12,12,9,-1,5,-2147483639,12,-1,9,5,12,12,-1,12,9,12,-2147483644,-1,-1,-2147483639,2,3,-2147483645,2,4,4,-1,-2147483636,9,9,-2147483639,9,9,-1,9,4,9,-2147483636,-2147483636,9,-2147483640,12,5,5,5,-1,-1,-1,-1,-1,-1,-1,-1,-1,-1,-1,-1,-1,-1,-1,-1,-1,-1,-1,-1,-1,-1,-1,-1,-1,-1,-1,-1,-1,-1,-1,-1,-1,-1,-1,-1,-1,-1,-1,-1,-1,-1,-1,-1,-1,-1,-1,-1,-1,-1,-1,-1,-1,-1,-1,-1,-1,-1,-1,-1,-1
-1,-1,-1,-1,-1,-1,-1,-1,-1,-1,-1,-1,-1,-1,-1,-1,-1,-1,-1,-1,-1,-1,-1,-1,-1,-1,-1,-1,-1,-1,-1,-1,-1,-1,-1,-1,-1,-1,-1,-1,-1,-1,-1,-1,-1,-1,-1,-1,-1,-1,-1,-1,-1,-1,-1,-1,-1,-1,-1,-1,-1,-1,-1,-1,-1,-1,-1,-1,-1,-1,-1,-1,-1,-1,-1,-1,-1,-1,-1,-1,-1,-1,-1,-1,5,-1,2,2,12,9,12,-2147483644,2,-2147483635,-2147483639,5,9,-1,-1,13,-2147483640,-2147483639,9,9,9,-1,-1,9,12,9,12,12,-1,9,-2147483645,2,-2147483645,-2147483646,-2147483646,-2147483636,-2147483636,-2147483636,4,-2147483639,9,-2147483639,3,3,-1,-1,-2147483644,5,-1,-2147483636,-2147483639,-2147483640,-2147483639,13,-2147483644,-1,-1,-1,-1,-1,-1,-1,-1,-1,-1,-1,-1,-1,-1,-1,-1,-1,-1,-1,-1,-1,-1,-1,-1,-1,-1,-1,-1,-1,-1,-1,-1,-1,-1,-1,-1,-1,-1,-1,-1,-1,-1,-1,-1,-1,-1,-1,-1,-1,-1,-1,-1,-1,-1,-1,-1,-1,-1,-1,-1,-1
-1,-1,-1,-1,-1,-1,-1,-1,-1,-1,-1,-1,-1,-1,-1,-1,-1,-1,-1,-1,-1,-1,-1,-1,-1,-1,-1,-1,-1,-1,-1,-1,-1,-1,-1,-1,-1,-1,-1,-1,-1,-1,-1,-1,-1,-1,-1,-1,-1,-1,-1,-1,-1,-1,-1,-1,-1,-1,-1,-1,-1,-1,-1,-1,-1,-1,-1,-1,-1,-1,-1,-1,-1,-1,-1,-1,-1,-1,-1,-1,-1,-1,-1,-1,9,9,2,9,9,12,9,12,12,9,9,5,9,9,13,4,-2147483636,-2147483636,-2147483636,-1,-2147483636,9,13,9,13,12,12,12,9,12,-2147483635,-2147483636,-1,-2147483646,-2147483646,-2147483636,-2147483636,-1,12,-1,-2147483639,-1,-1,-1,5,-2147483645,-1,-2147483645,12,9,12,-1,3,13,-1,-1,-1,-1,-1,-1,-1,-1,-1,-1,-1,-1,-1,-1,-1,-1,-1,-1,-1,-1,-1,-1,-1,-1,-1,-1,-1,-1,-1,-1,-1,-1,-1,-1,-1,-1,-1,-1,-1,-1,-1,-1,-1,-1,-1,-1,-1,-1,-1,-1,-1,-1,-1,-1,-1,-1,-1,-1,-1,-1,-1,-1
-1,-1,-1,-1,-1,-1,-1,-1,-1,-1,-1,-1,-1,-1,-1,-1,-1,-1,-1,-1,-1,-1,-1,-1,-1,-1,-1,-1,-1,-1,-1,-1,-1,-1,-1,-1,-1,-1,-1,-1,-1,-1,-1,-1,-1,-1,-1,-1,-1,-1,-1,-1,-1,-1,-1,-1,-1,-1,-1,-1,-1,-1,-1,-1,-1,-1,-1,-1,-1,-1,-1,-1,-1,-1,-1,-1,-1,-1,-1,-1,-1,-1,-1,-1,2,-2147483636,9,13,9,13,12,12,12,9,5,-2147483635,9,-1,-1,12,5,-2147483640,9,-2147483644,-1,-2147483644,-2147483639,-2147483639,12,-2147483635,12,-2147483636,12,-2147483644,12,-2147483635,-1,-1,-1,-2147483635,-2147483636,-2147483639,12,-2147483639,-1,-2147483640,-2147483639,9,9,9,-1,9,-2147483644,12,9,12,12,-2147483644,-1,-1,-1,-1,-1,-1,-1,-1,-1,-1,-1,-1,-1,-1,-1,-1,-1,-1,-1,-1,-1,-1,-1,-1,-1,-1,-1,-1,-1,-1,-1,-1,-1,-1,-1,-1,-1,-1,-1,-1,-1,-1,-1,-1,-1,-1,-1,-1,-1,-1,-1,-1,-1,-1,-1,-1,-1,-1,-1,-1,-1,-1
-1,-1,-1,-1,-1,-1,-1,-1,-1,-1,-1,-1,-1,-1,-1,-1,-1,-1,-1,-1,-1,-1,-1,-1,-1,-1,-1,-1,-1,-1,-1,-1,-1,-1,-1,-1,-1,-1,-1,-1,-1,-1,-1,-1,-1,-1,-1,-1,-1,-1,-1,-1,-1,-1,-1,-1,-1,-1,-1,-1,-1,-1,-1,-1,-1,-1,-1,-1,-1,-1,-1,-1,-1,-1,-1,-1,-1,-1,-1,-1,-1,-1,-1,9,-2147483644,-1,-1,-2147483639,-2147483639,12,-2147483635,12,-2147483636,-1,-2147483644,9,9,9,-2147483639,-2147483639,-2147483645,-2147483643,-2147483644,-2147483643,-2147483645,12,12,-2147483636,-2147483639,-2147483635,-1,-2147483636,12,12,-1,13,9,9,-1,-1,12,-2147483639,-2147483639,13,4,-2147483636,-2147483636,-2147483636,5,-2147483636,9,13,9,13,12,12,12,-1,-1,-1,-1,-1,-1,-1,-1,-1,-1,-1,-1,-1,-1,-1,-1,-1,-1,-1,-1,-1,-1,-1,-1,-1,-1,-1,-1,-1,-1,-1,-1,-1,-1,-1,-1,-1,-1,-1,-1,-1,-1,-1,-1,-1,-1,-1,-1,-1,-1,-1,-1,-1,-1,-1,-1,-1,-1,-1,-1,-1,-1,-1
-1,-1,-1,-1,-1,-1,-1,-1,-1,-1,-1,-1,-1,-1,-1,-1,-1,-1,-1,-1,-1,-1,-1,-1,-1,-1,-1,-1,-1,-1,-1,-1,-1,-1,-1,-1,-1,-1,-1,-1,-1,-1,-1,-1,-1,-1,-1,-1,-1,-1,-1,-1,-1,-1,-1,-1,-1,-1,-1,-1,-1,-1,-1,-1,-1,-1,-1,-1,-1,-1,-1,-1,-1,-1,-1,-1,-1,-1,-1,-1,-1,-1,-1,-2147483644,-1,3,12,12,-2147483636,-2147483639,-2147483635,-2147483636,-2147483636,9,9,9,9,9,-2147483636,-2147483636,-2147483639,-2147483636,-2147483639,-2147483635,-2147483639,5,-2147483644,13,-1,9,9,-1,-1,4,-2147483646,-2147483646,-2147483646,9,-2147483639,9,12,13,-1,-1,12,5,-2147483640,-1,-2147483644,4,-2147483644,-2147483639,-2147483644,12,-1,12,-2147483636,-1,-1,-1,-1,-1,-1,-1,-1,-1,-1,-1,-1,-1,-1,-1,-1,-1,-1,-1,-1,-1,-1,-1,-1,-1,-1,-1,-1,-1,-1,-1,-1,-1,-1,-1,-1,-1,-1,-1,-1,-1,-1,-1,-1,-1,-1,-1,-1,-1,-1,-1,-1,-1,-1,-1,-1,-1,-1,-1,-1,-1,-1,-1
-1,-1,-1,-1,-1,-1,-1,-1,-1,-1,-1,-1,-1,-1,-1,-1,-1,-1,-1,-1,-1,-1,-1,-1,-1,-1,-1,-1,-1,-1,-1,-1,-1,-1,-1,-1,-1,-1,-1,-1,-1,-1,-1,-1,-1,-1,-1,-1,-1,-1,-1,-1,-1,-1,-1,-1,-1,-1,-1,-1,-1,-1,-1,-1,-1,-1,-1,-1,-1,-1,-1,-1,-1,-1,-1,-1,-1,-1,-1,-1,-1,-1,-1,5,3,3,5,-2147483644,9,-1,-2147483643,-2147483646,8,9,-2147483646,-2147483636,-2147483636,9,-2147483636,-2147483636,-2147483636,3,3,12,12,-2147483639,-1,8,-2147483639,-1,-2147483640,2,2,-1,-1,-2147483646,-2147483646,-2147483639,-2147483639,-1,12,-2147483644,12,-2147483639,12,-2147483639,5,-2147483644,-2147483636,-2147483636,12,12,-2147483636,-2147483639,-2147483635,-2147483636,-2147483636,-1,-1,-1,-1,-1,-1,-1,-1,-1,-1,-1,-1,-1,-1,-1,-1,-1,-1,-1,-1,-1,-1,-1,-1,-1,-1,-1,-1,-1,-1,-1,-1,-1,-1,-1,-1,-1,-1,-1,-1,-1,-1,-1,-1,-1,-1,-1,-1,-1,-1,-1,-1,-1,-1,-1,-1,-1,-1,-1,-1,-1,-1,-1
-1,-1,-1,-1,-1,-1,-1,-1,-1,-1,-1,-1,-1,-1,-1,-1,-1,-1,-1,-1,-1,-1,-1,-1,-1,-1,-1,-1,-1,-1,-1,-1,-1,-1,-1,-1,-1,-1,-1,-1,-1,-1,-1,-1,-1,-1,-1,-1,-1,-1,-1,-1,-1,-1,-1,-1,-1,-1,-1,-1,-1,-1,-1,-1,-1,-1,-1,-1,-1,-1,-1,-1,-1,-1,-1,-1,-1,-1,-1,-1,-1,-1,-1,3,3,3,-1,12,-2147483646,9,2,-2147483643,-2147483645,-1,12,-2147483646,-2147483636,-2147483636,-2147483636,-2147483636,2,5,5,-2147483639,12,-2147483639,-2147483639,-2147483639,-2147483639,-1,-2147483646,-2147483639,-2147483646,-1,-1,-2147483636,-1,13,12,12,12,-2147483636,-2147483636,12,13,-1,9,12,-1,-2147483639,5,-2147483644,-2147483636,5,-2147483636,-1,-2147483636,-1,-1,-1,-1,-1,-1,-1,-1,-1,-1,-1,-1,-1,-1,-1,-1,-1,-1,-1,-1,-1,-1,-1,-1,-1,-1,-1,-1,-1,-1,-1,-1,-1,-1,-1,-1,-1,-1,-1,-1,-1,-1,-1,-1,-1,-1,-1,-1,-1,-1,-1,-1,-1,-1,-1,-1,-1,-1,-1,-1,-1,-1,-1
-1,-1,-1,-1,-1,-1,-1,-1,-1,-1,-1,-1,-1,-1,-1,-1,-1,-1,-1,-1,-1,-1,-1,-1,-1,-1,-1,-1,-1,-1,-1,-1,-1,-1,-1,-1,-1,-1,-1,-1,-1,-1,-1,-1,-1,-1,-1,-1,-1,-1,-1,-1,-1,-1,-1,-1,-1,-1,-1,-1,-1,-1,-1,-1,-1,-1,-1,-1,-1,-1,-1,-1,-1,-1,-1,-1,-1,-1,-1,-1,-1,-1,-1,-1,3,12,2,-2147483646,-1,3,-2147483639,9,9,4,9,4,9,-2147483636,-2147483636,-2147483643,-2147483640,12,5,-2147483643,-2147483639,-1,-1,-1,-1,-1,-1,-1,-1,-1,-1,-1,-2147483635,13,12,-1,12,9,-2147483636,2,3,9,4,-2147483639,12,-2147483643,-2147483639,-2147483636,-2147483636,-2147483636,5,5,5,-1,-1,-1,-1,-1,-1,-1,-1,-1,-1,-1,-1,-1,-1,-1,-1,-1,-1,-1,-1,-1,-1,-1,-1,-1,-1,-1,-1,-1,-1,-1,-1,-1,-1,-1,-1,-1,-1,-1,-1,-1,-1,-1,-1,-1,-1,-1,-1,-1,-1,-1,-1,-1,-1,-1,-1,-1,-1,-1,-1,-1,-1,-1
-1,-1,-1,-1,-1,-1,-1,-1,-1,-1,-1,-1,-1,-1,-1,-1,-1,-1,-1,-1,-1,-1,-1,-1,-1,-1,-1,-1,-1,-1,-1,-1,-1,-1,-1,-1,-1,-1,-1,-1,-1,-1,-1,-1,-1,-1,-1,-1,-1,-1,-1,-1,-1,-1,-1,-1,-1,-1,-1,-1,-1,-1,-1,-1,-1,-1,-1,-1,-1,-1,-1,-1,-1,-1,-1,-1,-1,-1,-1,-1,-1,-1,-1,-1,2,3,-2147483645,3,2,3,9,-1,-2147483640,3,8,-2147483643,2,5,-2147483643,-2147483636,-2147483639,-2147483640,-2147483639,-2147483640,12,-1,-1,-1,-1,-1,-1,-1,-1,-1,-1,13,-2147483635,-2147483635,12,12,12,12,-2147483636,9,9,-2147483640,-2147483636,-2147483636,-2147483639,12,-1,-2147483635,-2147483636,-2147483644,5,5,2,-1,-1,-1,-1,-1,-1,-1,-1,-1,-1,-1,-1,-1,-1,-1,-1,-1,-1,-1,-1,-1,-1,-1,-1,-1,-1,-1,-1,-1,-1,-1,-1,-1,-1,-1,-1,-1,-1,-1,-1,-1,-1,-1,-1,-1,-1,-1,-1,-1,-1,-1,-1,-1,-1,-1,-1,-1,-1,-1,-1,-1,-1,-1
-1,-1,-1,-1,-1,-1,-1,-1,-1,-1,-1,-1,-1,-1,-1,-1,-1,-1,-1,-1,-1,-1,-1,-1,-1,-1,-1,-1,-1,-1,-1,-1,-1,-1,-1,-1,-1,-1,-1,-1,-1,-1,-1,-1,-1,-1,-1,-1,-1,-1,-1,-1,-1,-1,-1,-1,-1,-1,-1,-1,-1,-1,-1,-1,-1,-1,-1,-1,-1,-1,-1,-1,-1,-1,-1,-1,-1,-1,-1,-1,-1,-1,-1,-1,3,-2147483645,3,2,3,-2147483646,-2147483639,5,5,9,5,-2147483640,3,-1,12,9,12,-2147483644,-2147483646,-2147483635,-1,-1,-1,-1,-1,-1,-1,-1,-1,-1,-1,13,12,12,12,12,12,8,2,-2147483636,-2147483636,9,-2147483636,-2147483636,-2147483636,-2147483640,9,-2147483636,-2147483636,-2147483643,5,5,-2147483643,-1,-1,-1,-1,-1,-1,-1,-1,-1,-1,-1,-1,-1,-1,-1,-1,-1,-1,-1,-1,-1,-1,-1,-1,-1,-1,-1,-1,-1,-1,-1,-1,-1,-1,-1,-1,-1,-1,-1,-1,-1,-1,-1,-1,-1,-1,-1,-1,-1,-1,-1,-1,-1,-1,-1,-1,-1,-1,-1,-1,-1,-1,-1
-1,-1,-1,-1,-1,-1,-1,-1,-1,-1,-1,-1,-1,-1,-1,-1,-1,-1,-1,-1,-1,-1,-1,-1,-1,-1,-1,-1,-1,-1,-1,-1,-1,-1,-1,-1,-1,-1,-1,-1,9,-1,-1,-1,-1,-1,-1,-1,-1,-1,-1,-1,-1,-1,-1,-1,-1,-1,-1,-1,-1,-1,-1,-1,-1,-1,-1,-1,-1,-1,-1,-1,-1,-1,-1,-1,-1,-1,-1,-1,-1,-1,-1,-1,-1,3,-1,-1,-1,-1,-1,-1,-1,-1,-1,-1,-1,-1,-1,-1,-1,12,12,9,-2147483636,-2147483636,-2147483645,-2147483645,-1,-1,-1,-1,-1,-1,-1,-2147483635,-1,2,5,12,12,12,-2147483643,-2147483646,8,9,-2147483646,-2147483636,-2147483636,-1,9,-2147483636,-2147483636,3,-2147483643,5,5,-1,-1,-1,-1,-1,-1,-1,-1,-1,-1,-1,-1,-1,-1,-1,-1,-1,-1,-1,-1,-1,-1,-1,-1,-1,-1,-1,-1,-1,-1,-1,-1,-1,-1,-1,-1,-1,-1,-1,-1,-1,-1,3,8,-2147483643,2,5,-2147483643,-2147483636,-2147483639,-2147483640,9,-2147483640,-1,-1,-1,-1,-1,-1,-1,-1,-1,-1
-1,-1,-1,-1,-1,-1,-1,-1,-1,-1,-1,-1,-1,-1,-1,-1,-1,-1,-1,-1,-1,-1,-1,-1,-1,-1,-1,-1,-1,-1,-1,-1,-1,-1,-1,-1,-1,-1,-1,-1,-1,-1,-1,-1,-1,-1,-1,-1,-1,-1,-1,-1,-1,-1,-1,-1,-1,-1,-1,-1,-1,-1,-1,-1,-1,-1,-1,-1,-1,-1,-1,-1,-1,-1,-1,-1,-1,-1,-1,-1,-1,-1,-1,-1,-2147483645,3,-1,3,3,-2147483645,4,-1,-1,-1,8,-1,9,13,9,13,12,12,12,9,-2147483636,9,-2147483643,-2147483643,-2147483646,12,12,12,12,2,-2147483636,-2147483639,-2147483639,5,-2147483646,5,-1,5,2,-2147483643,9,9,12,-2147483646,-2147483636,-2147483636,-2147483636,-2147483636,2,5,5,-2147483643,-2147483643,-1,-1,-1,-1,-1,-1,-1,-1,-1,-1,-1,-1,-1,-1,-1,-1,-1,-1,-1,-1,-1,-1,-1,-1,-1,-1,-1,-1,-1,-1,-1,-1,-1,-1,-1,-1,-1,-1,-1,-1,-1,5,9,5,-2147483640,-1,-2147483643,-2147483646,8,12,-2147483646,-2147483636,-2147483636,-2147483645,-1,-1,-1,-1,-1,-1,-1,-1,-1
-1,-1,-1,-1,-1,-1,-1,-1,-1,-1,-1,-1,-1,-1,-1,-1,-1,-1,-1,-1,-1,-1,-1,-1,-1,-1,-1,-1,-1,-1,-1,-1,-1,-1,-1,-1,-1,-1,-1,-1,-1,-1,-1,-1,-1,-1,-1,-1,-1,-1,-1,-1,-1,-1,-1,-1,-1,-1,-1,-1,-1,-1,-1,-1,-1,-1,-1,-1,-1,-1,-1,-1,-1,-1,-1,-1,-1,-1,-1,-1,-1,-1,-1,-1,3,5,4,5,3,9,12,-1,-1,-1,-2147483644,-2147483639,-2147483644,-2147483639,-2147483639,12,-2147483635,12,-2147483636,12,9,5,-1,-2147483636,8,5,12,12,-2147483639,-2147483644,-2147483639,-2147483644,-2147483639,-2147483639,9,5,-2147483643,-2147483643,-2147483639,9,9,4,9,4,9,-2147483636,-2147483636,-2147483643,-2147483640,12,5,-2147483643,-2147483643,-1,-1,-1,-1,-1,-1,-1,-1,-1,-1,-1,-1,-1,-1,-1,-1,-1,-1,-1,-1,-1,-1,-1,-1,-1,-1,-1,-1,-1,-1,-1,-1,-1,-1,-1,-1,-1,3,3,-1,-2147483645,-2147483639,9,9,9,5,2,-1,12,9,12,-2147483646,-2147483636,-2147483636,-2147483636,-2147483636,2,5,-1,-1,-1,-1,-1
-1,-1,-1,-1,-1,-1,-1,-1,-1,-1,-1,-1,-1,-1,-1,-1,-1,-1,-1,-1,-1,-1,-1,-1,-1,-1,-1,-1,-1,-1,-1,-1,-1,-1,-1,-1,-1,-1,-1,-1,-1,-1,-1,-1,-1,-1,-1,-1,-1,-1,-1,-1,-1,-1,-1,-1,-1,-1,-1,-1,-1,-1,-1,-1,-1,-1,-1,-1,-1,-1,-1,-1,-1,-1,-1,-1,-1,-1,-1,-1,-1,-1,-1,-1,9,-1,9,12,9,12,12,-2147483639,-1,-1,-2147483636,-1,12,12,-2147483636,-2147483639,-2147483635,-2147483636,-2147483636,-2147483643,-2147483636,8,9,8,9,12,5,-2147483643,-2147483646,5,-2147483640,-2147483645,8,-1,-2147483639,5,5,5,-1,-2147483639,-2147483640,3,-1,-2147483643,2,5,-2147483643,-2147483636,-1,-2147483640,-2147483639,-2147483640,12,-1,-1,-1,-1,-1,-1,-1,-1,-1,-1,-1,-1,-1,-1,-1,-1,-1,-1,-1,-1,-1,-1,-1,-1,-1,-1,-1,-1,-1,-1,-1,-1,-1,-1,9,9,9,3,9,4,-2147483636,-2147483636,-2147483636,8,-1,9,-2147483639,9,9,4,-1,4,9,-2147483636,-2147483636,-2147483643,-2147483640,12,-2147483645,-1,-1,-1,-1
-1,-1,-1,-1,-1,-1,-1,-1,-1,-1,-1,-1,-1,-1,-1,-1,-1,-1,-1,-1,-1,-1,-1,-1,-1,-1,-1,-1,-1,-1,-1,-1,-1,-1,-1,-1,-1,-1,-1,-1,-1,-1,-1,-1,-1,-1,-1,-1,-1,-1,-1,-1,-1,-1,-1,-1,-1,-1,-1,-1,-1,-1,-1,-1,-1,-1,-1,-1,-1,-1,-1,-1,-1,-1,-1,-1,12,12,-1,-1,-1,-1,-1,-1,-2147483636,-2147483636,-2147483645,-1,12,12,12,8,-1,-1,12,12,5,-2147483644,5,-2147483643,-1,-1,-2147483643,-1,9,13,2,4,-2147483636,-1,-2147483636,9,-2147483645,-1,-2147483643,-2147483639,-2147483643,-2147483643,9,-2147483643,5,5,-2147483639,5,5,9,5,-2147483640,3,-1,12,9,12,-1,-2147483646,-1,-2147483639,-1,-1,-1,-1,-1,-1,-1,-1,-1,-1,-1,-1,-1,-1,-1,-1,-1,-1,-1,-1,-1,-1,-1,-1,-1,-1,-1,-1,-1,-1,-1,-1,-1,-2147483643,-2147483645,-2147483639,-2147483640,-2147483639,-2147483640,12,12,-2147483640,9,-2147483644,-2147483639,-2147483644,9,-2147483639,-2147483640,3,8,-2147483643,2,5,-2147483643,-2147483636,-2147483639,-2147483640,-2147483645,-1,-1,-1,-1
-1,-1,-1,-1,-1,-1,-1,-1,-1,-1,-1,-1,-1,-1,-1,-1,-1,-1,-1,-1,-1,-1,-1,-1,-1,-1,-1,-1,-1,-1,-1,-1,-1,-1,-1,-1,-1,-1,-1,-1,-1,-1,-1,-1,-1,-1,-1,-1,-1,-1,-1,-1,-1,-1,-1,-1,3,-1,-1,-1,-1,-1,-1,-1,-1,-1,-1,-1,-1,-1,-1,-1,-1,-1,-1,-1,9,9,-1,-1,-1,-1,-1,-1,-2147483636,9,-2147483643,-2147483643,-2147483646,12,12,12,-1,-1,-2147483636,-1,-1,5,-1,-1,-1,-1,-1,-1,-2147483639,-1,-2147483636,-2147483636,-2147483639,-2147483636,-2147483639,-2147483639,-2147483643,-2147483639,-2147483639,-2147483639,9,9,-2147483635,5,5,5,13,-1,-2147483639,-1,-1,9,5,9,9,12,9,12,12,-2147483645,9,-1,-1,-1,-1,-1,-1,-1,-1,-1,-1,-1,-1,-1,-1,-1,-1,-1,-1,-1,-1,-1,-1,-1,-1,-1,-1,-1,-1,-1,-1,-1,-1,5,12,9,12,-2147483644,-2147483646,-2147483635,12,-2147483639,5,-2147483644,-2147483636,-1,12,-2147483639,5,5,9,9,-2147483640,3,-2147483645,12,9,12,-1,-1,-1,-1,-1,-1
-1,-1,-1,-1,-1,-1,-1,-1,-1,-1,-1,-1,-1,-1,-1,-1,-1,-1,-1,-1,-1,-1,-1,-1,-1,-1,-1,-1,-1,-1,-1,-1,-1,-1,-1,-1,-1,-1,-1,-1,-1,-1,-1,-1,-1,-1,-1,-1,-1,-1,-1,-2147483636,-2147483636,-2147483636,-2147483636,2,5,5,-2147483639,12,12,12,-1,-1,-1,-1,-1,-1,-1,-1,-1,-1,-1,-1,-1,-1,-1,-1,-1,-1,-1,-1,-1,-1,9,-1,-2147483643,-2147483636,-1,5,12,12,-1,-1,-2147483639,-2147483644,-2147483639,-1,-1,-1,-1,-1,-1,-1,-1,-2147483639,-2147483636,-2147483636,-2147483636,-2147483635,-2147483639,-2147483635,-2147483639,-1,-2147483640,12,12,12,-2147483644,5,-2147483643,5,4,-2147483636,-1,-2147483636,-1,-1,9,13,9,13,12,12,12,9,3,-1,-1,-1,-1,-1,-1,-1,-1,-1,-1,-1,-1,-1,-1,-1,-1,-1,-1,-1,-1,-1,-1,-1,-1,-1,-1,-1,-1,12,8,12,5,9,-1,12,9,-1,12,9,9,8,-2147483643,-2147483643,12,12,5,13,-2147483640,-2147483639,9,9,9,5,9,9,12,9,-1,-1,-1,-1,-1,-1
-1,-1,-1,-1,-1,-1,-1,-1,-1,-1,-1,-1,-1,-1,-1,-1,-1,-1,-1,-1,-1,-1,-1,-1,-1,-1,-1,-1,-1,-1,-1,-1,-1,-1,-1,-1,-1,-1,-1,-1,-1,-1,-1,-1,-1,-1,-1,-1,-1,-1,4,9,-2147483636,-2147483636,-2147483643,-2147483640,-1,5,-2147483643,-2147483639,-1,5,-1,-1,-1,-1,-1,-1,-1,-1,-1,-1,-1,-1,-1,-1,-1,-1,-1,-1,-1,-1,-1,-1,-2147483636,8,9,-1,9,12,5,-2147483643,-1,-1,-2147483640,-2147483645,8,-1,-2147483645,-2147483643,-2147483644,-2147483643,-2147483645,-1,4,-2147483636,12,-2147483636,13,-2147483636,9,9,4,9,4,-2147483639,8,9,-2147483636,5,5,-2147483643,12,-1,-2147483640,9,-2147483644,-2147483639,-1,-2147483639,-2147483639,12,-1,12,-2147483636,12,-2147483644,-1,-1,-1,-1,-1,-1,-1,-1,-1,-1,-1,-1,-1,-1,-1,-1,-1,-1,-1,-1,-1,-1,-1,-1,-1,-1,-1,4,-2147483636,-2147483640,8,9,13,9,13,12,12,12,9,3,9,-2147483640,3,-1,12,9,12,-2147483644,-2147483646,-2147483635,9,-2147483643,-2147483643,-2147483646,12,12,12,-1,-1,-1,-1,-1,-1
-1,-1,-1,-1,-1,-1,-1,-1,-1,-1,-1,-1,-1,-1,-1,-1,-1,-1,-1,-1,-1,-1,-1,-1,-1,-1,-1,-1,-1,-1,-1,-1,-1,-1,-1,-1,-1,-1,-1,-1,-1,-1,-1,-1,-1,-1,-1,-1,-1,-1,-1,-1,-1,-2147483643,-2147483636,-1,-2147483635,-2147483639,-2147483640,12,5,13,-1,-1,-1,-1,-1,-1,-1,-1,-1,-1,-1,-1,-1,-1,-1,-1,-1,-1,-1,-1,3,-2147483645,9,13,2,4,-2147483636,-2147483639,-2147483636,-1,-1,-1,-2147483643,-2147483639,-2147483636,-2147483636,-2147483639,-2147483636,-1,-2147483635,-2147483639,-1,-1,5,12,12,13,9,-1,-2147483636,-2147483636,9,12,4,-2147483643,9,-2147483636,5,9,9,12,-2147483639,5,-1,-2147483636,-2147483645,12,12,-2147483636,-2147483639,-2147483635,-2147483636,-2147483636,-2147483643,-1,-1,-1,-1,-1,-1,-1,-1,-1,-1,-1,-1,-1,-1,-1,-1,-1,-1,-1,-1,-1,-1,-1,-1,-1,-1,-1,-1,-2147483636,4,8,-2147483636,-2147483644,-2147483639,-2147483639,12,-2147483635,12,-2147483636,12,-2147483644,12,12,5,9,-2147483639,12,9,12,12,9,5,9,-2147483636,8,5,9,12,-1,-1,-1,-1,-1,-1
-1,-1,-1,-1,-1,-1,-1,-1,-1,-1,-1,-1,-1,-1,-1,-1,-1,-1,-1,-1,-1,-1,-1,-1,-1,-1,-1,-1,-1,-1,-1,-1,-1,-1,-1,-1,-1,-1,-1,-1,-1,-1,-1,-1,-1,-1,-1,-1,-1,-1,-2147483640,3,9,12,9,12,-2147483644,-2147483646,-1,-2147483639,-1,-2147483635,-1,-1,-1,-1,-1,-1,-1,-1,-1,-1,-1,-1,-1,-1,-1,-1,-1,-1,-2147483645,-2147483645,9,3,-2147483639,-2147483639,-2147483636,-2147483636,-2147483643,-2147483646,8,-2147483639,-1,-1,-2147483636,-2147483639,-1,-2147483636,-2147483636,3,3,12,12,-1,-1,-1,-1,-1,-2147483639,-2147483645,-2147483643,-2147483644,-2147483643,9,-2147483643,9,-1,-2147483643,5,5,-2147483636,-2147483636,-2147483645,-2147483645,12,12,12,-2147483645,12,12,2,-2147483645,-2147483640,2,5,-2147483645,-1,-1,-1,-1,-1,-1,-1,-1,-1,-1,-1,-1,-1,-1,-1,-1,-1,-1,-1,-1,-1,-1,-1,-1,-1,-1,-1,-1,4,-2147483636,-2147483636,4,12,12,-2147483636,-2147483639,-1,-2147483636,-2147483636,-2147483643,12,12,12,9,12,12,2,12,-2147483640,2,5,8,9,8,9,12,5,-2147483643,-1,-1,-1,-1,-1,-1
-1,-1,-1,-1,-1,-1,-1,-1,-1,-1,-1,-1,-1,-1,-1,-1,-1,-1,-1,-1,-1,-1,-1,-1,-1,-1,-1,-1,-1,-1,-1,-1,-1,-1,-1,-1,-1,-1,-1,-1,-1,-1,-1,-1,-1,-1,-1,-1,-1,-1,9,-1,9,-1,12,-1,12,12,-1,9,-1,-2147483635,-1,-1,-1,-1,-1,-1,-1,-1,-1,-1,-1,-1,-1,-1,-1,-1,-1,-1,-1,-1,9,9,-2147483636,-1,-2147483636,-2147483636,2,-1,-2147483639,-2147483635,-1,-2147483646,-2147483636,-2147483636,-2147483636,-2147483636,-1,-1,5,-2147483639,-1,-1,9,-1,-1,-2147483636,-2147483636,-2147483639,-2147483636,-2147483639,-2147483635,-2147483639,-1,-1,-1,-1,-2147483643,5,-2147483636,9,-2147483643,-2147483643,-2147483646,12,12,12,12,2,-2147483636,-2147483639,-2147483639,5,-2147483646,-1,-1,-1,-1,-1,-1,-1,-1,-1,-1,-1,-1,-1,-1,-1,-1,-1,-1,-1,-1,-1,-1,-1,-1,-1,-1,-1,-1,-1,-1,4,4,-2147483636,5,-2147483644,-1,-2147483643,-2147483636,9,-2147483643,-2147483643,4,12,12,12,12,2,-2147483636,-2147483635,12,5,-2147483646,13,2,4,-2147483636,-2147483639,-2147483636,-1,-2147483645,-1,-1,-1,-1,-1
-1,-1,-1,-1,-1,-1,-1,-1,-1,-1,-1,-1,-1,-1,-1,-1,-1,-1,-1,-1,-1,-1,-1,-1,-1,-1,-1,-1,-1,-1,-1,-1,-1,-1,-1,-1,-1,-1,-1,-1,-1,-1,-1,-1,-1,-1,-1,-1,-1,-1,-1,9,13,9,13,12,12,12,9,-1,-1,-1,-1,-1,-1,-1,-1,-1,-1,-1,-1,-1,-1,-1,-1,-1,-1,-1,-1,-1,-2147483639,-2147483639,9,12,4,-2147483636,12,-2147483636,-2147483639,9,9,4,-1,4,9,-2147483636,-1,-2147483643,-1,12,-1,-2147483643,-2147483639,-2147483646,-2147483636,-2147483636,-1,-2147483636,-2147483636,-2147483636,3,3,12,12,-1,-1,-1,-1,9,-1,9,-1,-2147483643,-2147483636,8,5,12,12,-1,-2147483644,-1,-2147483644,-1,-2147483639,9,-1,-1,-1,-1,-1,-1,-1,-1,-1,-1,-1,-1,-1,-1,-1,-1,-1,-1,-1,-1,-1,-1,-1,-1,-1,-1,-1,-1,-1,-1,-1,-2147483644,-2147483644,5,3,9,-1,9,5,-2147483643,-2147483636,8,5,12,12,-2147483639,-2147483644,-2147483639,-2147483644,-1,-2147483639,9,-2147483639,-2147483636,-2147483636,-2147483639,-2147483636,9,-2147483639,-2147483643,-2147483636,-1,-1,-1,-1
-1,-1,-1,-1,-1,-1,-1,-1,-1,-1,-1,-1,-1,-1,-1,-1,-1,-1,-1,-1,-1,-1,-1,-1,-1,-1,-1,-1,-1,-1,-1,-1,-1,-1,-1,-1,-1,-1,-1,-1,-1,-1,-1,-1,12,-1,-1,-1,-1,-1,-1,-1,-1,-1,-1,-1,-1,-1,-1,-1,-1,-1,-1,-1,-1,-1,-1,-1,-1,-1,-1,-1,-1,-1,-1,-1,-1,-1,-1,-2147483639,-2147483639,-2147483636,8,8,-2147483643,5,12,12,9,-2147483639,-2147483640,3,8,-2147483643,2,5,-2147483643,-1,-2147483639,-2147483640,-2147483639,-2147483640,12,12,-2147483646,-2147483636,-2147483636,-2147483636,-2147483636,2,5,5,-2147483639,12,-1,-1,-2147483639,-2147483639,-2147483636,-2147483639,-2147483636,8,9,8,9,12,5,-2147483643,-1,5,-2147483640,-2147483645,8,9,-1,-1,-1,-1,-1,-1,-1,-1,-1,-1,-1,-1,-1,-1,-1,-1,-1,-1,-1,-1,-1,-1,-1,-1,-1,-1,-1,-1,-1,-1,-1,-1,-1,4,4,9,9,12,-2147483636,8,-2147483639,8,9,12,5,-2147483643,-2147483646,5,-2147483640,-2147483645,8,9,-2147483639,-2147483643,-2147483646,8,-2147483636,-2147483646,-2147483636,-2147483636,-2147483639,-2147483636,-2147483636,-1,-1,-1
-1,-1,-1,-1,-1,-1,-1,-1,-1,-1,-1,-1,-1,-1,-1,-1,-1,-1,-1,-1,-1,-1,-1,-1,-1,-1,-1,-1,-1,-1,-1,9,-1,-1,-1,-1,-1,-1,-1,-1,-1,-1,-1,-1,-1,-1,-1,-1,-1,-1,-1,-1,-1,-1,-1,-1,-1,-1,-1,-1,-1,-1,-1,-1,-1,-1,-1,-1,-1,-1,-1,-1,-1,-1,-1,-1,-1,-1,-1,-2147483636,-2147483636,-2147483636,5,2,-2147483644,-2147483639,5,-2147483645,-2147483639,5,5,9,5,-2147483640,3,5,12,9,12,-2147483644,-2147483646,-2147483635,-2147483639,9,4,9,-2147483636,-1,-2147483643,-2147483640,12,-1,-2147483643,-2147483639,-1,-1,-2147483639,-1,-1,12,-1,13,2,4,-2147483636,-2147483639,-2147483636,9,-2147483645,8,-2147483643,-2147483639,-2147483643,-2147483643,-1,-1,-1,-1,-1,-1,-1,-1,-1,-1,-1,-1,-1,-1,-1,-1,-1,-1,-1,-1,-1,-1,-1,-1,-1,-1,-1,-1,-1,-1,-1,-1,-1,4,-2147483645,12,12,12,9,12,12,2,-2147483636,-2147483640,2,5,-1,8,-2147483643,-2147483639,-2147483643,-2147483643,9,2,-2147483643,-2147483636,13,12,-2147483646,-2147483636,-2147483636,-2147483636,-2147483636,-1,-1,-1
-1,-1,-1,-1,-1,-1,-1,-1,-1,-1,-1,-1,-1,-1,-1,-1,-1,-1,-1,-1,-1,-1,-1,-1,-1,-1,-1,-1,-1,-1,-1,9,-1,-1,-1,-1,-1,-1,-1,-1,-1,-1,-1,-1,-1,-1,-1,-1,-1,-1,-1,-1,-1,-1,-1,-1,-1,-1,-1,-1,-1,-1,-1,-1,-1,-1,-1,-1,-2147483644,-2147483639,-2147483636,9,-2147483636,8,8,-2147483639,-2147483636,-2147483636,-2147483639,-2147483636,-2147483636,-2147483636,-2147483640,3,-1,3,-2147483643,12,13,-1,-2147483639,9,9,9,5,9,-1,12,9,-1,12,9,9,8,-2147483643,2,5,-2147483643,-2147483636,-2147483639,-2147483640,-2147483639,-2147483640,12,-1,-1,-1,-1,-2147483636,-2147483639,-2147483639,-2147483639,-1,-2147483636,-2147483639,-2147483636,-2147483639,-2147483639,-1,-2147483639,-2147483639,-2147483639,9,-2147483643,-2147483635,-1,-1,-1,-1,-1,-1,-1,-1,-1,-1,-1,-1,-1,-1,-1,-1,-1,-1,-1,-1,-1,-1,-1,-1,-1,-1,-1,-1,-1,-1,-1,4,4,-2147483643,-2147483646,12,12,12,12,2,-2147483636,-2147483639,-2147483636,-1,-2147483646,-2147483643,-2147483639,-2147483639,-2147483639,9,-1,-2147483635,-2147483639,9,-1,4,9,4,9,-2147483636,-2147483636,-2147483643,-1,-1,-1
-1,-1,-1,-1,-1,-1,-1,-1,-1,-1,-1,-1,-1,-1,-1,-1,-1,-1,-1,-1,-1,-1,-1,-1,-1,-1,-1,-1,-1,-1,-1,9,-1,-1,-1,-1,-1,-1,-1,-1,-1,-1,-1,-1,-1,-1,-1,-1,-1,-1,-1,-1,-1,-1,-1,-1,-1,-1,-1,-1,-1,-1,-1,-1,-2147483639,-2147483636,-1,-2147483644,12,-2147483636,-2147483635,-1,9,9,3,12,-2147483639,-2147483636,-2147483636,-2147483636,-2147483636,-2147483639,5,5,-2147483639,3,-2147483645,12,4,-2147483636,-2147483636,-2147483636,-1,-1,9,13,9,13,12,12,12,9,3,9,-2147483640,3,-1,12,9,12,-2147483644,-2147483646,-2147483635,-1,9,3,-1,-1,-1,-2147483636,-2147483639,-2147483639,-2147483636,-2147483636,-2147483636,-2147483635,-2147483639,-2147483635,-2147483639,-2147483645,-2147483640,12,12,12,-1,-1,-1,-1,-1,-1,-1,-1,-1,-1,-1,-1,-1,-1,-1,-1,-1,-1,-1,-1,-1,-1,-1,-1,-1,-1,-1,-1,-1,-1,-1,-1,4,4,-2147483636,8,5,12,12,-2147483639,-2147483644,-1,-2147483644,-2147483639,-2147483639,9,-2147483639,-1,-2147483640,12,12,12,-2147483644,9,-2147483639,-2147483640,3,8,-2147483643,2,5,-2147483643,-2147483636,-1,-1,-1
-1,-1,-1,-1,-1,-1,-1,-1,-1,-1,-1,-1,-1,-1,-1,-1,-1,-1,-1,-1,-1,-1,-1,-1,-1,-1,-1,-1,-1,-1,-1,-1,-1,-1,-1,-1,-1,-1,-1,-2147483636,-1,-1,-1,-1,-1,-1,-1,-1,-1,-1,-1,-1,-1,-1,-1,-1,-1,-1,-1,-1,-1,-1,-1,-2147483636,-2147483636,-2147483636,-2147483644,-1,-2147483636,-1,-1,-2147483639,9,9,-1,9,4,9,-2147483636,-2147483636,9,-2147483640,12,5,-2147483643,-2147483639,-2147483639,-1,12,-2147483639,-1,9,-2147483644,-2147483639,-2147483644,-2147483639,-2147483639,12,-2147483635,12,-2147483636,12,-2147483644,12,12,5,9,-2147483639,12,9,12,12,9,-1,-1,-1,-1,-1,-1,-1,4,-2147483636,12,-2147483636,13,-2147483636,-1,9,4,9,4,-2147483639,8,-2147483646,-1,-1,-1,-1,-1,-1,-1,-1,-1,-1,-1,-1,-1,-1,-1,-1,-1,-1,-1,-1,-1,-1,-1,-1,-1,-1,-1,-1,-1,-1,-1,-1,-1,4,8,9,12,5,-2147483643,-2147483646,5,-2147483640,-2147483645,8,9,-2147483639,4,9,4,-2147483639,8,-2147483640,-2147483636,-2147483639,5,5,9,5,-2147483640,-2147483639,-2147483643,-2147483646,8,-1,-1,-1
-1,-1,-1,-1,-1,-1,-1,-1,-1,-1,-1,-1,-1,-1,-1,-1,-1,-1,-1,-1,-1,-1,-1,-1,-1,-1,-1,-1,-1,-1,-1,-1,-1,-1,-1,-1,-1,-1,8,-2147483636,-2147483636,-2147483636,-1,-2147483636,-2147483636,-2147483636,-2147483640,-2147483639,-2147483640,-1,-2147483643,-1,-1,-1,-1,-1,-1,-1,-1,-1,-1,-1,-2147483643,-2147483644,-2147483643,-2147483645,-2147483635,-2147483636,-2147483636,4,-2147483639,9,-2147483639,3,3,8,3,-1,5,-2147483645,-2147483636,-2147483639,-2147483640,-2147483639,-2147483640,12,12,2,12,-2147483639,5,-2147483644,-2147483636,-2147483639,12,12,-2147483636,-2147483639,-1,-2147483636,-2147483636,-2147483643,12,12,12,9,12,12,2,12,-2147483640,2,5,-1,-1,-1,-1,-2147483646,-1,-1,-2147483639,5,12,12,13,9,12,-2147483636,-2147483636,-1,12,4,-2147483643,9,-1,-1,-1,-1,-1,-1,-1,-1,-1,-1,-1,-1,-1,-1,-1,-1,-1,-1,-1,-1,-1,-1,-1,-1,-1,-1,-1,-1,-1,-1,-1,-1,-1,5,4,-2147483636,-2147483639,-2147483636,-1,-2147483645,8,-1,-2147483639,-2147483643,-2147483643,9,-2147483636,-2147483636,12,4,-2147483643,-2147483640,-2147483636,13,-1,-2147483639,9,9,9,5,2,-2147483639,12,-1,-1,-1
-1,-1,-1,-1,-1,-1,-1,-1,-1,-1,-1,-1,-1,-1,-1,-1,-1,-1,-1,-1,-1,-1,-1,-1,-1,-1,-1,-1,-1,-1,-1,-1,-1,-1,-1,-1,12,9,12,9,9,-2147483636,-2147483636,-2147483636,-2147483636,-2147483639,5,-1,-1,-1,-2147483639,12,-1,-1,-1,-1,-1,-1,-1,-1,-1,-2147483639,-2147483636,-2147483639,-1,-2147483639,-2147483636,-2147483636,-1,12,-1,-2147483639,-2147483636,5,9,5,-2147483645,-2147483645,-2147483645,12,9,12,-2147483644,3,-2147483635,-2147483639,-1,2,-1,8,-1,-1,12,12,5,-2147483644,-1,-2147483643,-2147483636,9,-2147483643,-2147483643,4,12,12,12,12,2,-2147483636,-2147483635,12,5,-2147483646,-2147483644,-1,2,-1,-1,-1,-1,-1,-2147483636,-2147483636,-2147483636,9,-1,-1,-1,-1,-1,-1,-2147483645,-1,-2147483646,-1,-1,-1,-1,-1,-1,-1,-1,-1,-1,-1,-1,-1,-1,-1,-1,-1,-1,-1,-1,-1,-1,-1,-1,-1,-1,-1,-1,-1,-1,-1,-1,-1,-2147483643,-2147483636,-2147483639,-2147483636,-2147483639,-2147483639,-2147483643,-2147483639,-2147483639,-2147483639,9,-1,-2147483635,-2147483643,-2147483636,-2147483636,5,-2147483640,-2147483640,-2147483640,4,-2147483636,-2147483636,-2147483636,8,-1,9,-2147483639,9,9,-1,-1,-1
-1,-1,-1,-1,-1,-1,-1,-1,-1,-1,-1,-1,-1,-1,-1,-1,-1,-1,3,3,3,3,-1,-1,-1,-1,-1,-1,-1,-1,-1,-1,-1,-1,-1,-2147483639,9,9,4,9,4,9,-2147483636,-2147483636,9,-2147483640,12,5,-2147483643,-1,-1,-2147483643,-2147483646,8,-1,-2147483646,-2147483636,-2147483636,9,-2147483636,-2147483636,-2147483636,-1,3,-1,12,-2147483636,-2147483636,-2147483639,12,-2147483639,-1,-2147483640,-2147483639,9,9,9,-2147483645,9,-1,12,9,12,12,9,9,3,3,3,-1,-1,-1,-1,4,5,3,9,-1,9,5,-2147483643,-2147483636,8,5,12,12,-2147483639,-2147483644,-2147483639,-2147483644,-1,-2147483639,9,2,-2147483646,2,-1,-1,-1,-2147483639,-1,-2147483636,-1,-1,9,-1,-1,-1,-1,-1,-1,-2147483645,-2147483645,-1,-1,-1,-1,-1,-1,-1,-1,-1,-1,-1,-1,-1,-1,-1,-1,-1,-1,-1,-1,-1,-1,-1,-1,-1,-1,-1,-1,-1,-1,-1,-1,-1,-1,2,5,12,3,-2147483639,12,-2147483639,-1,-2147483636,-2147483645,3,-2147483639,-2147483635,-1,9,-2147483639,-2147483636,-2147483640,-2147483640,-2147483636,12,9,-2147483640,9,-2147483644,-2147483639,-2147483644,9,-1,-1,-1,-1,-1
-1,-1,-1,-1,-1,-1,-1,-1,-1,-1,-1,-1,-1,12,12,-2147483636,12,12,-1,-2147483645,-1,-1,-1,-1,-1,-1,-1,-1,-1,-1,-2147483646,2,-2147483636,2,-2147483639,9,-2147483639,12,12,8,-1,-1,-1,-2147483639,-2147483636,-2147483639,-1,-1,-1,-1,12,2,-2147483643,-2147483639,-2147483639,12,-2147483646,-2147483636,-2147483636,-2147483636,-2147483636,2,-1,5,-2147483639,-1,13,9,-2147483639,-2147483639,13,4,-2147483636,-2147483636,-2147483636,-1,-2147483636,9,13,9,13,12,12,12,9,-1,-2147483635,3,-1,-1,-1,-1,13,9,-1,-1,-1,12,-2147483636,8,-2147483639,8,9,12,5,-2147483643,-2147483646,5,-2147483640,-2147483645,8,9,-2147483639,2,3,2,-1,-1,-1,-2147483639,-2147483639,-2147483639,-2147483636,-1,-1,-1,-1,-1,-1,-1,-2147483646,-1,3,-2147483645,-1,-1,-1,-1,-1,-1,-1,-1,-1,-1,-1,-1,-1,-1,-1,-1,-1,-1,-1,-1,-1,-1,-1,-1,-1,-1,-1,-1,-1,-1,-1,-1,-1,13,2,5,-2147483636,5,8,5,-2147483639,2,-2147483645,-2147483645,-2147483645,-2147483645,-2147483636,9,-2147483640,-2147483639,-2147483636,-2147483640,9,12,-2147483639,5,-2147483644,-2147483636,9,12,-1,-1,-1,-1,-1,-1
-1,-1,-1,-1,-1,-1,-1,-1,-1,-1,-1,-1,-1,-1,9,-1,-1,12,3,3,-2147483645,-2147483645,-1,-1,-1,-1,-1,-1,-1,2,3,-2147483636,-2147483636,12,5,-2147483639,12,5,9,5,-1,-1,-1,12,9,12,-1,-1,-1,-1,-1,-2147483639,9,9,4,9,4,9,-2147483636,-2147483636,-2147483643,-1,12,5,-1,-2147483639,-2147483639,-2147483639,13,-1,-2147483639,12,5,-2147483640,9,-2147483644,-1,-2147483644,-2147483639,-1,12,-2147483635,12,-2147483636,2,-2147483644,3,-2147483645,3,-1,-1,-2147483636,-2147483636,-2147483645,-2147483645,12,12,12,9,12,12,2,-2147483636,-2147483640,2,5,-1,8,-2147483643,-2147483639,-2147483643,-2147483643,9,3,-1,-1,-1,-1,12,-1,-2147483636,-2147483636,-2147483636,-2147483639,-2147483639,-2147483639,-2147483639,-1,-1,-1,-2147483646,-1,-2147483645,2,-1,-1,-1,-1,-1,-1,-1,-1,-1,-1,-1,-1,-1,-1,-1,-1,-1,-1,-1,-1,-1,-1,-1,-1,-1,-1,-1,-1,-1,-1,-1,-1,-1,13,-2147483646,13,8,9,-2147483639,-2147483646,2,2,9,2,9,-2147483645,-2147483645,-2147483645,-2147483639,-2147483636,-1,-2147483636,-2147483636,9,8,-1,-2147483643,12,12,5,-1,-1,-1,-1,-1,-1
-1,-1,-1,-1,-1,-1,-1,-1,-1,-1,-1,-1,-1,-1,13,-1,12,12,-1,-2147483645,-2147483645,-2147483645,-1,-1,-1,-1,-1,-1,-1,3,12,9,-1,-2147483645,-2147483645,13,-2147483640,-2147483639,9,9,-1,-1,-1,9,12,9,-1,-1,-1,-1,-1,9,-2147483639,-2147483640,3,-1,-1,-1,5,-2147483643,-2147483636,-2147483639,-2147483640,-2147483639,-2147483640,12,-2147483639,-2147483639,-1,12,-2147483639,12,-2147483639,5,-2147483644,-2147483636,-2147483636,12,12,-2147483636,-2147483639,-2147483635,-2147483636,-2147483636,-1,-1,2,2,-2147483646,-1,-1,-1,9,-2147483643,-2147483643,-2147483646,12,12,12,12,2,-2147483636,-2147483639,-2147483636,-1,-2147483646,-2147483643,-2147483639,-2147483639,-2147483639,9,-1,-2147483635,-1,-1,-1,-1,-1,12,12,-2147483636,-2147483636,-1,-1,-1,-1,-1,-2147483646,-1,-2147483643,-1,2,-1,-2147483645,-1,-1,-1,-1,-1,-1,-1,-1,-1,-1,-1,-1,-1,-1,-1,-1,-1,-1,-1,-1,-1,-1,-1,-1,-1,-1,-1,-1,-1,-1,-1,-1,-1,-1,13,5,3,-2147483636,-2147483646,-2147483646,2,2,5,-2147483643,-1,-2147483639,-2147483640,-2147483639,-2147483640,12,12,-2147483646,-2147483636,-2147483636,-2147483636,-2147483636,2,5,5,-2147483639,-1,-1,-1,-1,-1,-1
-1,-1,-1,-1,-1,-1,-1,-1,-1,-1,-1,-1,-1,-1,12,-1,12,12,8,8,8,-1,-1,-1,-1,-1,-1,-1,-1,-1,-1,-1,-2147483639,12,13,4,-2147483636,-2147483636,-2147483636,-1,-1,-1,-1,9,-1,12,-1,-1,-1,-1,-1,-2147483639,5,-1,-1,5,-2147483640,3,-1,12,9,-1,-2147483644,-1,-2147483635,-2147483639,-2147483639,-2147483636,-2147483636,-2147483636,12,13,9,9,12,12,-1,5,-2147483644,-2147483636,5,-2147483636,5,-2147483636,-2147483636,4,-2147483636,8,12,-1,-1,-1,5,-2147483643,-2147483636,8,5,12,12,-2147483639,-2147483644,-1,-2147483644,-2147483639,-2147483639,9,-2147483639,-1,-2147483640,12,12,12,-2147483644,-1,-1,-1,-1,12,-1,12,-2147483636,-1,12,-2147483636,-1,-1,-1,-1,2,-1,2,-1,-2147483646,2,-1,-1,-1,-1,-1,-1,-1,-1,-1,-1,-1,-1,-1,-1,-1,-1,-1,-1,-1,-1,-1,-1,-1,-1,-1,-1,-1,-1,-1,-1,-1,-1,-1,-1,-1,3,3,9,-2147483635,9,9,3,5,12,9,12,-2147483644,-2147483646,-2147483635,-2147483639,9,4,-1,-1,-1,-2147483643,-2147483640,12,-1,-2147483643,-1,-1,-1,-1,-1,-1
-1,-1,-1,-1,-1,-1,-1,-1,-1,-1,-1,-1,-1,-1,12,12,-1,12,12,12,-1,12,-1,-1,-1,-1,-1,-1,-1,-2147483645,12,-2147483645,-2147483639,12,-2147483639,12,5,-2147483640,9,-2147483644,-2147483639,-2147483644,-2147483639,-2147483639,12,-2147483635,12,-2147483636,5,-1,2,13,-2147483646,-2147483639,9,-1,9,5,9,9,12,9,12,12,9,9,-2147483644,-2147483636,9,-2147483636,2,3,9,4,-2147483639,12,-2147483643,-1,-2147483636,-2147483636,-2147483636,-2147483636,-2147483644,2,2,5,-2147483640,-2147483636,-1,-1,-1,-1,-1,9,8,9,12,5,-2147483643,-2147483646,5,-2147483640,-2147483645,8,9,-2147483639,4,9,4,-2147483639,8,-1,-2147483636,-1,-1,-1,-1,-1,9,12,-1,-1,-1,-1,-1,-1,-1,-1,-1,-1,-1,-1,-1,-2147483645,-1,-1,-1,-1,-1,-1,-1,-1,-1,-1,-1,-1,-1,-1,-1,-1,-1,-1,-1,-1,-1,-1,-1,-1,-1,-1,-1,-1,-1,-1,-1,-1,-1,-1,-1,-2147483639,3,-2147483635,9,9,9,5,9,3,12,9,-2147483645,12,9,9,8,-1,-1,-1,-1,-1,-1,-1,-1,-1,-1,-1,-1,-1,-1,-1
-1,-1,-1,-1,-1,-1,-1,-1,-1,-1,-1,-1,-1,-2147483636,-1,-1,-1,12,-1,-1,-1,12,-1,-1,-1,-1,-1,-1,-1,13,9,3,-2147483643,-1,-2147483639,12,-2147483639,-1,-1,-1,-1,12,12,-2147483636,-2147483639,-2147483635,-2147483636,-2147483636,2,-2147483645,-2147483644,4,-2147483636,-2147483636,-2147483636,8,-1,9,13,9,13,12,12,12,-1,4,-2147483639,-2147483644,12,-2147483636,9,9,-2147483640,-2147483636,-1,-2147483639,12,-2147483639,-2147483635,-2147483636,-2147483644,2,2,2,12,12,12,-2147483636,-1,-2147483646,-1,-1,-1,2,4,-2147483636,-2147483639,-2147483636,-1,-2147483645,8,-1,-2147483639,-2147483643,-2147483643,9,-2147483636,-1,12,4,-2147483643,9,-2147483636,-1,-1,-1,-1,-1,-1,12,-1,-1,-1,-1,-1,-1,-1,-1,-1,-1,-1,-1,-1,-1,-1,-1,-1,-1,-1,-1,-1,-1,-1,-1,-1,-1,-1,-1,-1,-1,-1,-1,-1,-1,-1,-1,-1,-1,-1,-1,-1,-1,-1,-1,-1,-1,-1,-1,-1,3,-2147483639,-2147483639,-2147483636,-2147483636,3,9,13,9,13,12,12,12,9,3,-1,-1,-1,-1,-1,-1,9,-2147483639,9,-1,-1,-1,-1,-1,-1,-1
-1,-1,-1,-1,-1,-1,-1,-1,-1,-1,-1,-1,-1,-2147483636,-1,-2147483636,-2147483636,-2147483636,-1,12,-2147483636,-2147483636,-1,-1,-1,-1,-1,-1,2,9,-2147483645,-2147483645,-1,4,-1,13,12,-2147483636,9,-1,-2147483640,5,-2147483644,-2147483639,-2147483636,-2147483639,-2147483635,-2147483639,-2147483644,4,-2147483646,12,-2147483646,-2147483640,9,-2147483644,-2147483639,-2147483644,-2147483639,-2147483639,12,-2147483635,12,-2147483636,12,-1,-2147483646,8,8,2,-2147483636,-2147483636,5,-2147483636,-2147483636,-2147483636,-2147483640,-1,-2147483636,-2147483636,-2147483643,12,2,-2147483636,12,9,-2147483639,-2147483639,9,-2147483646,-1,-1,-2147483639,-2147483636,-2147483636,-2147483639,-2147483636,-2147483639,-2147483639,-2147483643,-2147483639,-2147483639,-2147483639,9,-1,-2147483635,-2147483643,-2147483636,-2147483636,5,-1,-2147483640,-1,-1,-1,-1,-1,-1,-1,-1,-1,-1,-1,-1,-1,-1,-1,-1,-1,-1,-1,-1,-1,-1,-1,-1,-1,-1,-1,-1,-1,-1,-1,-1,-1,-1,-1,-1,-1,-1,-1,-1,-1,-1,-1,-1,-1,-1,-1,-1,-1,-1,-1,-1,-1,-1,-1,-1,-1,-2147483636,3,-2147483636,3,3,3,-2147483644,-2147483639,-2147483639,12,-2147483635,12,-2147483636,12,-1,-1,-1,-1,9,-2147483639,12,9,12,12,9,-1,-1,-1,-1,-1,-1
-1,-1,-1,-1,-1,-1,-1,-1,-1,-1,-1,-1,-1,-1,-1,-1,-1,-1,-1,-1,-1,-1,-1,-2147483639,-2147483645,-2147483643,-2147483644,-2147483643,-2147483645,-2147483645,9,-2147483644,-1,-1,-1,8,8,4,-2147483636,-2147483636,-1,-2147483636,12,-2147483636,-2147483640,-1,-1,-1,-2147483643,12,-2147483646,12,-2147483639,5,-2147483644,-2147483636,-1,-1,-1,-1,-1,-2147483635,-2147483636,-2147483636,-2147483643,2,8,2,-2147483639,12,2,-2147483636,-2147483636,-2147483636,-2147483636,-2147483643,5,5,-2147483639,-1,2,12,12,-2147483640,-2147483639,-2147483636,4,-2147483639,8,-2147483646,-1,-1,-1,-2147483636,-2147483636,-2147483636,-2147483635,-2147483639,-2147483635,-2147483639,-1,-2147483636,-2147483636,-2147483645,-2147483645,12,12,12,-1,12,12,-1,-1,-1,2,-1,-1,-1,-1,-1,-1,-1,-1,-1,-1,-1,-1,-1,-1,-1,-1,-1,-1,-1,-1,-1,-1,-1,-1,-1,-1,-1,-1,-1,-1,-1,-1,-1,-1,-1,-1,-1,-1,-1,-1,-1,-1,-1,-1,-1,-1,-1,-1,-1,-1,-1,-1,-1,-1,3,-2147483636,-2147483636,-1,-1,-2147483636,-1,-1,-1,-1,-1,-1,-1,-1,-1,-1,-1,9,12,12,2,12,-2147483640,2,5,8,-1,-1,-1,-1,-1
-1,-1,-1,-1,-1,-1,-1,-1,-1,-1,-1,-1,-1,-1,-1,-1,-1,-1,-1,9,-1,-1,-2147483636,-2147483636,-2147483639,-2147483636,-2147483639,-2147483635,-2147483639,-2147483644,9,-1,-1,2,-1,-1,-1,12,-1,-2147483636,12,-2147483636,-2147483636,-1,5,5,-2147483639,-2147483646,-2147483646,12,12,-2147483636,-2147483639,-2147483639,-1,-1,-1,-1,-1,-1,-1,-1,-2147483639,-2147483643,9,4,9,9,4,9,4,9,-2147483636,-2147483636,3,3,12,5,-2147483643,-2147483639,-2147483639,12,9,2,12,12,-2147483644,-2147483639,-2147483639,-2147483646,-1,-1,-2147483636,12,-2147483636,-1,-2147483636,9,9,4,9,-2147483636,-1,-2147483643,-2147483643,-2147483646,12,12,-1,12,2,-2147483636,-2147483639,-2147483639,5,-2147483646,-1,-1,-1,-1,-1,-1,-1,-1,-1,-1,-1,-1,-1,-1,-1,-1,-1,-1,-1,-1,-1,-1,-1,-1,-1,-1,-1,-1,-1,-1,-1,-1,-1,-1,-1,-1,-1,-1,-1,-1,-1,-1,-1,-1,-1,-1,-1,-1,-1,-1,-1,-1,-1,-1,-1,-1,-1,-1,-1,-1,-1,-1,-1,-1,-1,-1,-1,-1,-1,12,12,12,2,-2147483636,-2147483635,12,5,-2147483646,-2147483640,-1,-1,-1,-1,-1
-1,-1,-1,-1,-1,-1,-1,-1,-1,-1,-1,-1,-1,-1,-2147483643,-2147483646,8,-1,-2147483646,-2147483636,-2147483636,-1,-2147483636,-2147483636,-2147483636,3,3,12,12,-1,-1,-1,-1,-2147483639,9,9,4,9,4,9,-2147483636,-2147483636,-1,-2147483640,12,5,-2147483643,-2147483639,-2147483639,12,12,-1,-2147483639,12,-2147483636,12,-1,-1,-1,9,-2147483639,-2147483639,-2147483639,-2147483639,-2147483639,9,-2147483639,2,2,8,-2147483645,2,5,-1,-1,-1,-1,-2147483639,-2147483640,12,12,-2147483639,-2147483644,-2147483636,-2147483636,-2147483639,-2147483636,9,9,9,-1,-1,5,12,12,13,9,12,-2147483636,-2147483636,8,9,-1,-1,-2147483636,8,5,12,12,-2147483639,-2147483644,-2147483639,-2147483644,-2147483639,-2147483639,9,-1,-1,-1,-1,-1,-1,-1,-1,-1,-1,-1,-1,-1,-1,-1,-1,-1,-1,-1,-1,-1,-1,-1,-1,-1,-1,-1,-1,-1,-1,-1,-1,-1,-1,-1,-1,-1,-1,-1,-1,-1,-1,-1,-1,-1,-1,-1,-1,-1,-1,-1,-1,-1,-1,-1,-1,-1,-1,-1,-1,-1,-1,-1,-1,-1,-2147483643,-2147483636,8,5,12,12,-2147483639,-2147483644,-2147483639,-2147483644,-1,-2147483639,9,-2147483640,-1,-1,-1,-1,-1
-1,-1,-1,-1,-1,-1,-1,-1,-1,-1,-1,-1,-1,-1,2,-2147483643,9,9,12,-2147483646,-2147483636,-2147483636,-2147483636,-2147483636,2,5,5,-2147483639,12,-1,12,12,-2147483639,9,-2147483639,-1,-1,8,-1,-1,5,-1,-2147483636,-2147483639,-2147483640,-2147483639,-2147483640,12,12,-2147483639,-2147483639,12,8,-2147483636,13,-1,-2147483639,-1,9,9,-2147483639,-2147483639,-1,-2147483639,5,-2147483639,5,5,9,5,3,3,-1,-1,-1,-1,-1,-2147483643,-2147483635,-2147483639,-2147483636,-2147483639,9,-2147483643,-2147483646,8,-2147483636,-2147483646,-2147483636,-1,-1,-1,-2147483636,-1,3,3,12,12,4,-2147483643,-2147483636,-2147483636,8,9,-1,9,-1,-1,-2147483643,-2147483646,5,-2147483640,-2147483645,8,9,-2147483639,-1,-1,-1,-1,-1,-1,-1,-1,-1,-1,-1,-1,-1,-1,-1,-1,-1,-1,-1,-1,-1,-1,-1,-1,-1,-1,-1,-1,-1,-1,-1,-1,-1,-1,-1,-1,-1,-1,-1,-1,-1,-1,-1,-1,-1,-1,-1,-1,-1,-1,-1,-1,-1,-1,-1,-1,-1,-1,-1,-1,-1,-1,-1,-1,8,-2147483639,8,9,12,5,-2147483643,-2147483646,5,-2147483640,-2147483645,8,9,-2147483639,8,-1,-1,-1,-1,-1
-1,-1,-1,-1,-1,-1,-1,-1,-1,-1,-1,-1,-1,-1,-2147483639,9,9,4,9,4,9,-2147483636,-2147483636,-2147483643,-2147483640,12,-1,-2147483643,-2147483639,-2147483639,12,-1,5,-2147483639,-1,5,9,5,-1,-1,-1,12,9,12,-2147483644,-1,-2147483635,-2147483639,-1,-2147483639,-2147483639,13,-1,-1,-1,-1,-1,-1,-1,-1,-2147483644,9,4,-2147483644,2,13,-2147483640,-2147483639,-1,9,9,-1,-1,-1,-1,-1,-1,12,9,9,-2147483636,-2147483636,-2147483639,-1,-2147483643,9,9,12,-2147483646,-1,-1,-2147483636,-2147483636,2,5,5,-2147483639,12,5,8,-1,9,13,2,-1,-1,-2147483639,-2147483636,-1,-2147483645,-1,-1,-1,-2147483643,-1,-1,-1,-1,-1,-1,-1,-1,-1,-1,-1,-1,-1,-1,-1,-1,-1,-1,-1,-1,-1,-1,-1,-1,-1,-1,-1,-1,-1,-1,-1,-1,-1,-1,-1,-1,-1,-1,-1,-1,-1,-1,-1,-1,-1,-1,-1,-1,-1,-1,-1,-1,-1,-1,-1,-1,-1,-1,-1,-1,-1,-1,-1,-1,-1,9,12,12,2,-2147483636,-2147483640,2,5,-1,8,-2147483643,-2147483639,-2147483643,-2147483643,-2147483640,-2147483640,-1,-1,-1,-1,-1
-1,-1,-1,-1,-1,-1,-1,-1,-1,-1,-1,-1,-1,-1,9,-2147483639,-2147483640,3,8,-2147483643,2,5,-2147483643,-2147483636,-2147483639,-2147483640,-2147483639,-2147483640,12,12,-1,12,-1,13,-2147483640,-2147483639,9,9,9,-1,9,9,12,9,12,12,9,9,9,-2147483639,-1,-2147483640,-1,-1,-1,-1,-1,-1,-2147483646,-1,-1,-2147483644,-1,2,13,4,-1,-2147483636,-2147483636,5,-2147483636,9,-1,-1,-1,-1,-1,12,9,-1,-2147483635,-1,-2147483644,-2147483639,9,9,4,9,4,-1,-1,-2147483636,-2147483643,-2147483640,12,5,-2147483643,-2147483639,8,-1,-1,-2147483639,-1,-2147483636,-2147483636,-2147483639,-2147483636,-2147483639,-2147483639,-2147483643,-2147483639,-2147483639,-2147483639,9,-1,-1,-1,-1,-1,-1,-1,-1,-1,-1,-1,-1,-1,-1,-1,-1,-1,-1,-1,-1,-1,-1,-1,-1,-1,-1,-1,-1,-1,-1,-1,-1,-1,-1,-1,-1,-1,-1,-1,-1,-1,-1,-1,-1,-1,-1,-1,-1,-1,-1,-1,-1,-1,-1,-1,-1,-1,-1,-1,-1,-1,-1,-2147483646,12,12,12,12,2,-2147483636,-2147483639,-2147483636,-1,-2147483646,-2147483643,-2147483639,-2147483639,-2147483639,9,-1,-2147483635,-1,-1,-1,-1,-1,-1
-1,-1,-1,-1,-1,-1,-1,-1,-1,-1,-1,-1,-1,-1,-2147483639,5,5,9,5,-2147483640,3,-1,12,9,12,-2147483644,-2147483646,-2147483635,-2147483639,12,-2147483639,-2147483639,13,4,-2147483636,-2147483636,-2147483636,-1,-2147483636,9,13,9,13,12,12,12,9,4,-2147483635,-1,-2147483644,4,-1,-1,-1,13,13,9,-1,-2147483636,-1,-1,-1,-2147483644,-2147483639,12,5,-2147483640,9,-2147483644,-2147483639,-2147483644,-1,-1,-1,-1,-1,-2147483636,-1,-2147483644,-1,-1,9,9,-2147483639,-2147483640,3,8,-2147483643,-1,-1,-2147483643,-2147483636,-2147483639,-2147483640,-2147483639,-2147483640,12,9,-1,-1,-1,-2147483639,-2147483636,-2147483636,-2147483636,-2147483635,-2147483639,-2147483635,-2147483639,-1,-2147483640,12,12,12,-2147483644,-1,-1,-1,-1,-1,-1,-1,-1,-1,-1,-1,-1,-1,-1,-1,-1,-1,-1,-1,-1,-1,-1,-1,-1,-1,-1,-1,-1,-1,-1,-1,-1,-1,-1,-1,-1,-1,-1,-1,-1,-1,-1,-1,-1,-1,-1,-1,-1,-1,-1,-1,-1,-1,-1,-1,-1,-1,-1,-1,-2147483636,8,5,12,12,-2147483639,-2147483644,13,-2147483644,-2147483639,-2147483639,9,-2147483639,-1,-2147483640,12,12,12,-1,-1,-1,-1,-1,-1,-1
-1,-1,-1,-1,-1,-1,-1,-1,-1,-1,-1,-1,-1,-1,13,-1,-2147483639,9,9,9,5,9,-1,12,9,12,12,-1,9,12,9,-2147483639,-2147483639,12,5,-2147483640,9,-2147483644,-2147483639,-2147483644,-2147483639,-2147483639,12,-2147483635,12,-2147483636,4,-2147483644,-2147483644,4,-1,-2147483644,-1,-1,12,-1,-2147483636,-1,-2147483636,-1,-1,-1,8,-2147483644,-2147483639,-2147483643,-2147483646,8,-2147483644,-1,-2147483636,-2147483636,-1,-1,-1,-1,-1,3,12,12,-1,-1,-1,-2147483639,5,5,9,5,-2147483640,-1,-1,12,9,12,-2147483644,-2147483646,-2147483635,-2147483639,-1,-1,-1,4,-2147483636,12,-2147483636,13,-2147483636,9,9,4,9,4,-2147483639,8,-1,-2147483636,-1,-1,-1,-1,-1,-1,-1,-1,-1,-1,-1,-1,-1,-1,-1,-1,-1,-1,-1,-1,-1,-1,-1,-1,-1,-1,-1,-1,-1,-1,-1,-1,-1,-1,-1,-1,-1,-1,-1,-1,-1,-1,-1,-1,-1,-1,-1,-1,-1,-1,-1,-1,-1,-1,-1,-1,-1,-1,-1,8,9,12,5,-2147483643,-2147483646,5,-2147483640,-2147483645,8,9,-2147483639,4,9,4,-2147483639,8,-1,-1,-1,-1,-1,-1,-1,-1
-1,-1,-1,-1,-1,-1,-1,-1,-1,-1,-1,-1,-1,-1,4,-2147483636,-2147483636,-2147483636,8,-1,9,13,9,13,12,12,12,9,-1,-2147483635,-2147483639,-2147483644,-2147483639,12,-2147483639,5,-2147483644,-2147483636,-1,12,12,-2147483636,-2147483639,-2147483635,-2147483636,-2147483636,-1,-1,-2147483644,4,-2147483644,4,-1,-1,12,12,9,9,12,9,8,12,8,-1,8,2,-2147483643,9,9,12,-2147483646,-2147483636,-1,-1,-1,-1,-1,5,-2147483639,12,-1,-1,-1,13,-1,-2147483639,-1,9,9,5,9,-1,12,9,-1,12,-1,9,-1,-2147483636,-2147483636,-2147483645,5,12,12,13,9,12,-2147483636,-2147483636,-1,-1,-1,-1,9,-2147483636,-1,-1,-1,-1,-1,-1,-1,-1,-1,-1,-1,-1,-1,-1,-1,-1,-1,-1,-1,-1,-1,-1,-1,-1,-1,-1,-1,-1,-1,-1,-1,-1,-1,-1,-1,-1,-1,-1,-1,-1,-1,-1,-1,-1,-1,-1,-1,-1,-1,-1,-1,-1,-1,-1,-1,-1,-1,-1,-1,4,-2147483636,-2147483639,-2147483636,8,-2147483645,8,13,-2147483639,-2147483643,-2147483643,9,-2147483636,-2147483636,12,4,-1,-1,-1,-1,-1,-1,-1,-1,-1
-1,-1,-1,-1,-1,-1,-1,-1,-1,-1,-1,-1,-1,-1,12,-1,-2147483640,9,-2147483644,-2147483639,-2147483644,-2147483639,-2147483639,12,-2147483635,12,-2147483636,12,-2147483644,-1,5,-1,-2147483639,13,9,9,9,9,9,5,-2147483644,-2147483643,-2147483643,-2147483643,5,-1,-2147483644,4,-2147483644,-2147483644,4,4,4,-1,-1,-1,8,-2147483640,8,8,9,8,8,-2147483640,-2147483640,-1,9,9,4,9,4,9,-2147483636,-2147483636,-2147483643,-2147483640,12,5,-2147483643,-2147483639,-1,-1,-1,4,-2147483636,-2147483636,-2147483636,8,-1,9,13,-1,13,12,12,12,9,-1,-1,-2147483636,9,-2147483643,-2147483643,-2147483646,12,12,12,12,2,-2147483636,-2147483639,-2147483639,5,-2147483646,-1,-1,-1,-1,-1,-1,-1,-1,-1,-1,-1,-1,-1,-1,-1,-1,-1,-1,-1,-1,-1,-1,-1,-1,-1,-1,-1,-1,-1,-1,-1,-1,-1,-1,-1,-1,-1,-1,-1,-1,-1,-1,-1,-1,-1,-1,-1,-1,-1,-1,-1,-1,-1,-1,-1,-1,-1,-1,-1,-1,-1,-2147483636,-2147483639,-2147483636,-2147483639,-2147483639,-2147483643,-2147483639,-2147483639,-2147483639,9,13,-2147483635,-2147483643,-2147483636,-2147483636,5,-1,-1,-1,-1,-1,-1,-1,-1,-1
-1,-1,-1,-1,-1,-1,-1,-1,-1,-1,-1,-1,-1,-1,12,-2147483639,5,-2147483644,-2147483636,-1,12,12,-2147483636,-2147483639,-2147483635,-2147483636,-2147483636,-2147483643,5,5,-1,9,-2147483639,9,-1,4,-2147483640,-1,-2147483636,-2147483636,-2147483645,-2147483645,-1,12,12,-2147483643,12,12,2,-2147483644,-2147483640,2,-1,8,8,-2147483640,8,8,-2147483640,8,-1,-1,-2147483640,-2147483640,-2147483640,9,-2147483639,-2147483640,3,8,-2147483643,2,5,-2147483643,-2147483636,-2147483639,-2147483640,-1,-2147483640,12,-1,-2147483636,-1,12,-1,-2147483640,9,-2147483644,-1,-2147483644,-1,-2147483639,12,-2147483635,12,-2147483636,12,-2147483644,-1,9,5,-2147483643,-2147483636,8,5,12,12,-2147483639,-2147483644,-2147483639,-2147483644,-2147483639,-2147483639,9,-1,-1,-1,-1,-1,-1,-1,-1,-1,-1,-1,-1,-1,-1,-1,-1,-1,-1,-1,-1,-1,-1,-1,-1,-1,-1,-1,-1,-1,-1,-1,-1,-1,-1,-1,-1,-1,-1,-1,-1,-1,-1,-1,-1,-1,-1,-1,-1,-1,-1,-1,-1,-1,-1,-1,-1,-1,-1,-1,-1,-1,-2147483639,12,12,12,5,-2147483639,-2147483639,-2147483639,-2147483636,-2147483639,-2147483636,13,-2147483646,-2147483643,-2147483639,-2147483639,-1,-1,-1,-1,-1,-1,-1,-1,-1
-1,-1,-1,-1,-1,-1,-1,-1,-1,-1,-1,-1,-1,-1,-1,8,-1,-2147483643,12,12,5,-2147483644,-1,-2147483643,13,-1,-2147483643,-1,-1,-2147483645,-2147483643,-1,-2147483643,-2147483645,-1,-2147483639,-2147483639,-2147483640,-2147483636,9,-2147483643,-2147483643,-2147483646,12,12,12,12,2,-2147483636,-2147483639,-2147483639,5,-2147483646,-2147483636,-2147483636,-2147483645,-2147483645,12,12,12,-1,12,12,2,8,-2147483639,5,-1,9,5,-2147483640,3,-1,12,9,12,-2147483644,-2147483646,-2147483635,-2147483639,-1,-2147483636,-2147483636,-1,-1,-1,12,12,-1,12,12,-2147483636,-2147483639,-1,-2147483636,-2147483636,-2147483643,-1,-1,-2147483636,8,9,8,9,12,-1,-2147483643,-2147483646,-1,-2147483640,-1,8,9,-2147483639,-1,-1,-1,-1,-1,-1,-1,-1,-1,-1,-1,-1,-1,-1,-1,-1,-1,-1,-1,-1,-1,-1,-1,-1,-1,-1,-1,-1,-1,-1,-1,-1,-1,-1,-1,-1,-1,-1,-1,-1,-1,-1,-1,-1,-1,-1,-1,-1,-1,-1,-1,-1,-1,-1,-1,-1,-1,-1,-1,-1,-1,5,-2147483636,-2147483639,8,12,8,9,-2147483636,-2147483635,-2147483644,-2147483639,-2147483639,9,-2147483639,13,-2147483640,9,9,-1,-1,-1,-1,-1,-1,-1
-1,-1,-1,-1,-1,-1,-1,-1,-1,-1,-1,-1,-1,-1,-1,-1,4,9,12,-1,-1,-1,-1,-1,9,-1,-1,-2147483636,-2147483636,-2147483639,-2147483636,-2147483639,-1,-2147483639,5,-2147483639,-1,-1,9,5,-2147483643,-2147483636,8,5,12,12,-2147483639,-2147483644,-2147483639,-2147483644,-2147483639,-2147483639,9,-2147483636,9,-2147483643,-2147483643,-2147483646,12,12,12,12,2,-2147483636,-2147483639,13,5,-2147483639,9,9,9,5,9,9,12,9,12,12,-2147483646,9,-2147483636,-2147483636,-1,2,5,5,-2147483639,12,-1,-1,12,-1,12,12,2,-1,-2147483640,2,5,9,13,2,4,-2147483636,-2147483639,-2147483636,-1,-2147483645,8,-2147483643,-2147483639,-2147483643,-2147483643,9,-1,-1,-1,-1,-1,-1,-1,-1,-1,-1,-1,-1,-1,-1,-1,-1,-1,-1,-1,-1,-1,-1,-1,-1,-1,-1,-1,-1,-1,-1,-1,-1,-1,-1,-1,-1,-1,-1,-1,-1,-1,-1,-1,-1,-1,-1,-1,-1,-1,-1,-1,-1,-1,-1,-1,-1,-1,-1,-1,-1,-1,-1,-1,-1,-1,-1,-1,12,-2147483636,-2147483640,-2147483645,8,9,-2147483639,4,9,4,-2147483636,8,-1,-1,-1,-1,-1,-1,-1
-1,-1,-1,-1,-1,-1,-1,-1,-1,-1,-1,-1,-1,-1,-1,-1,-1,9,9,-2147483643,-2147483646,8,-1,-2147483646,-2147483636,-2147483636,-1,-2147483636,-2147483636,-2147483636,3,3,12,12,-2147483639,-2147483639,-1,-1,-2147483636,8,9,8,-1,12,5,-2147483643,-2147483646,5,-2147483640,-2147483645,-1,9,-2147483639,9,5,-2147483643,-1,8,5,12,12,-2147483639,-2147483644,-2147483639,-2147483644,-2147483643,-2147483646,8,-2147483636,-2147483646,-2147483636,-2147483636,13,-2147483636,-2147483636,-2147483636,3,3,12,12,-2147483636,-2147483636,-2147483643,-2147483640,12,5,-2147483643,-2147483639,-1,-1,12,12,12,2,-2147483636,-2147483639,-1,5,-2147483646,-1,-1,-1,-2147483636,-2147483639,-2147483636,-2147483639,-2147483639,-2147483643,-2147483639,-2147483639,-2147483639,9,-1,-2147483635,-1,-1,-1,-1,-1,-1,-1,-1,-1,-1,-1,-1,-1,-1,-1,-1,-1,-1,-1,-1,-1,-1,-1,-1,-1,-1,-1,-1,-1,-1,-1,-1,-1,-1,-1,-1,-1,-1,-1,-1,-1,-1,-1,-1,-1,-1,-1,-1,-1,-1,-1,-1,-1,-1,-1,-1,-1,-1,-1,-1,-1,-1,-1,-1,-1,-1,-1,9,-2147483635,-1,-2147483639,-2147483643,-2147483643,9,-2147483636,13,12,-2147483636,-2147483640,-1,-1,-1,-1,-1,-1,-1
-1,-1,-1,-1,-1,-1,-1,-1,-1,-1,-1,-1,-1,-1,-1,-1,-1,-1,-1,2,-2147483643,-1,-1,12,-2147483646,-2147483636,-2147483636,-2147483636,-2147483636,2,-1,5,-2147483639,12,-2147483639,-1,-1,-1,9,13,2,4,-2147483636,-2147483639,-2147483636,-1,-2147483645,-1,-2147483643,-1,-2147483643,-2147483643,9,-2147483636,8,9,8,9,12,-1,-1,-1,-1,-2147483640,-2147483645,2,-2147483643,9,9,12,-2147483646,-2147483636,-2147483636,-2147483636,-2147483636,2,5,5,-2147483639,12,-1,-2147483643,-2147483636,-2147483639,-2147483640,-2147483639,-2147483640,12,-1,-1,-1,12,-2147483639,-2147483644,-2147483639,-2147483644,-2147483639,-2147483639,9,-1,-2147483639,-1,-2147483636,-2147483636,-2147483635,-2147483639,-1,-2147483639,-1,-2147483640,12,12,12,-2147483644,-1,-1,-1,-1,-1,-1,-1,-1,-1,-1,8,-1,-1,-1,-1,8,-1,-1,8,-1,-1,-1,-1,-1,-1,-1,-1,-1,-1,-1,-1,-1,-1,-1,-1,-1,-1,-1,-1,-1,-1,-1,-1,-1,-1,-1,-1,-1,-1,-1,-1,-1,-1,-1,-1,-1,-1,-1,-1,-1,-1,-1,-1,-1,-1,-1,-1,-2147483636,-2147483635,-2147483639,-2147483639,9,-2147483636,-2147483635,-2147483643,-2147483636,-2147483636,-2147483636,9,-1,-1,-1,-1,-1,-1,-1
-1,-1,-1,-1,-1,-1,-1,-1,-1,-1,-1,-1,-1,-1,-1,-1,-1,-1,-1,-2147483639,9,9,4,9,4,9,-2147483636,-2147483636,-2147483643,-2147483640,12,5,-2147483643,-2147483639,-2147483639,5,-1,-1,-2147483639,-1,-2147483636,-2147483636,-2147483639,-2147483636,-2147483639,-2147483639,-2147483643,-2147483639,-2147483639,-2147483639,9,-1,-1,9,13,2,4,-2147483636,-2147483639,-1,-1,-1,8,-2147483643,-2147483639,-2147483639,9,9,4,9,4,9,-2147483636,-1,-2147483643,-2147483640,12,5,-2147483643,-2147483639,-1,12,9,12,-2147483644,-2147483646,-2147483635,-2147483639,9,-1,5,-2147483643,-2147483646,5,-2147483640,-2147483645,8,9,-1,4,-2147483636,12,-2147483636,13,-2147483636,9,9,4,9,4,-1,8,-1,-2147483636,-1,-1,-1,-1,-1,-1,-2147483643,-2147483646,8,-1,-2147483646,-2147483636,-2147483636,-2147483640,-2147483636,-2147483636,-2147483636,3,3,12,12,-1,-1,-1,-1,-1,-1,-1,-1,-1,-1,-1,-1,-1,-1,-1,-1,-1,-1,-1,-1,-1,-1,-1,-1,-1,-1,-1,-1,-1,-1,-1,-1,-1,-1,-1,-1,-1,-1,-1,-1,-1,-1,-1,-1,-1,-1,13,-2147483636,-2147483636,-2147483639,-2147483636,-2147483636,-2147483646,-2147483643,-2147483639,-2147483639,12,-2147483643,-2147483636,-1,-1,-1,-1,-1,-1
-1,-1,-1,-1,-1,-1,-1,-1,-1,-1,-1,-1,-1,-1,-1,-1,-1,-1,-1,9,-2147483639,-2147483640,3,8,-2147483643,2,5,-2147483643,-2147483636,-2147483639,-2147483640,-2147483639,-2147483640,12,-2147483639,-2147483639,-2147483639,-1,-1,-2147483639,-2147483636,-2147483636,-2147483636,-2147483635,-2147483639,-2147483635,-2147483639,-1,-2147483640,12,12,12,-2147483644,-2147483639,-1,-2147483636,-2147483636,-2147483639,-2147483636,-2147483639,-2147483639,-2147483643,-2147483639,-2147483639,-1,9,-2147483639,-1,3,8,-2147483643,-1,5,-2147483643,-2147483636,-2147483639,-2147483640,-2147483639,-1,12,9,9,12,9,12,12,2,9,-2147483636,-1,-1,-1,-1,8,-2147483643,-2147483639,-2147483643,-2147483643,9,-2147483646,5,12,12,13,9,-1,-2147483636,-2147483636,-2147483636,12,4,-2147483643,9,-2147483636,-1,-1,-1,-1,-1,-1,2,-2147483643,9,9,12,-2147483646,-2147483636,-2147483636,-1,-2147483636,2,5,5,-2147483639,12,-1,-1,-1,-1,-1,-1,-1,-1,-1,-1,-1,-1,-1,-1,-1,-1,-1,-1,-1,-1,-1,-1,-1,-1,-1,-1,-1,-1,-1,-1,-1,-1,-1,-1,-1,-1,-1,-1,-1,-1,-1,-1,-1,-1,-1,-1,12,-2147483636,-2147483636,-2147483644,-2147483639,-2147483639,9,-2147483639,-2147483636,-2147483640,-2147483636,-2147483640,8,-1,-1,-1,-1,-1,-1
-1,-1,-1,-1,-1,-1,-1,-1,-1,-1,-1,-1,-1,-1,-1,-1,-1,-1,-1,-2147483639,5,5,9,-1,-2147483640,3,-1,12,-1,12,-2147483644,-2147483646,-2147483635,-2147483639,-2147483639,-1,-1,-1,4,-2147483636,12,-2147483636,13,-2147483636,9,9,4,9,-1,-2147483639,-1,-1,-2147483636,-1,-2147483639,-2147483636,-2147483636,-2147483636,-2147483635,-2147483639,-2147483635,-2147483639,12,-2147483640,12,-2147483639,5,-1,-1,5,-2147483640,3,-1,-1,-1,-1,-2147483644,-2147483646,-2147483635,-2147483639,13,9,13,12,-1,12,9,-2147483636,-2147483639,-2147483636,-1,-1,-2147483643,-2147483639,-2147483639,-2147483639,9,-1,-2147483635,-2147483643,9,9,12,-2147483646,-2147483636,-2147483636,-2147483636,-2147483636,2,5,5,-2147483639,12,-1,-1,-1,-1,-1,-1,-1,-2147483639,9,9,4,-1,4,9,-2147483636,-2147483636,-2147483643,-2147483640,12,5,-2147483643,-2147483639,-1,-1,-1,-1,-1,-1,-1,-1,-1,-1,-1,-1,-1,-1,-1,-1,-1,-1,-1,-1,-1,-1,-1,-1,-1,-1,-1,-1,-1,-1,-1,-1,-1,-1,-1,-1,-1,-1,-1,-1,-1,-1,-1,-1,-1,-1,-1,12,-2147483640,-2147483645,8,9,-2147483639,4,9,4,9,5,-2147483636,-1,-1,-1,-1,-1,-1
-1,-1,-1,-1,-1,-1,-1,-1,-1,-1,-1,-1,-1,-1,-1,-1,-1,-1,-1,13,-1,-2147483639,9,9,9,-1,9,9,12,9,12,12,9,9,-1,-1,-2147483639,-1,-2147483639,5,-1,-1,13,9,12,-1,-2147483636,-1,12,4,-2147483643,9,-1,4,-2147483636,12,-2147483636,13,-2147483636,9,9,4,9,4,-2147483639,13,-1,-2147483639,9,9,9,5,-1,-1,-1,9,12,12,-2147483639,9,-2147483639,-2147483639,12,-2147483635,12,-2147483636,12,-2147483644,-2147483636,-2147483635,-1,-1,-2147483639,-1,-2147483640,12,12,12,-2147483644,9,9,4,9,4,9,-2147483636,-2147483636,-2147483643,-2147483640,12,5,-2147483643,-2147483639,-1,-1,-1,-1,-1,-1,-1,9,-2147483639,-2147483640,3,8,-2147483643,2,-1,-2147483643,-2147483636,-2147483639,-2147483640,-2147483639,-2147483640,12,-1,-1,-1,-1,-1,-1,-1,-1,-1,-1,-1,-1,-1,-1,-1,-1,-1,-1,-1,-1,-1,-1,-1,-1,-1,-1,-1,-1,-1,-1,-1,-1,-1,-1,-1,-1,-1,-1,-1,-1,-1,-1,-1,-1,-1,-1,-1,12,12,-2147483639,-2147483643,-2147483643,9,-2147483636,-2147483636,12,-2147483639,-2147483643,-2147483643,-1,-1,-1,-1,-1,-1
-1,-1,-1,-1,-1,-1,-1,-1,-1,-1,-1,-1,-1,-1,-1,-1,-1,-1,-1,-1,-1,-2147483636,-2147483636,8,-1,9,13,9,13,12,12,12,9,-1,-1,-1,-1,-1,-2147483639,-1,-2147483643,-2147483646,8,-1,-2147483646,-2147483636,-2147483636,-1,-1,-1,-1,-1,3,12,12,12,12,13,9,12,-2147483636,-2147483636,-1,12,4,4,-1,-2147483636,-2147483636,8,-1,9,-1,-1,-1,12,12,-1,-1,-1,-1,-1,-1,-1,-1,-1,-1,-1,-1,-1,-1,-1,-1,-1,4,-1,8,-1,-2147483636,-2147483639,-2147483640,3,8,-1,2,5,-2147483643,-2147483636,-2147483639,-2147483640,-2147483639,-2147483640,12,-1,-1,-1,-1,-1,-1,-1,-2147483639,5,5,9,5,-2147483640,3,-1,12,9,12,-2147483644,-2147483646,-2147483635,-2147483639,-1,-1,-1,-1,-1,-1,-1,-1,-1,-1,-1,-1,-1,-1,-1,-1,-1,-1,-1,-1,-1,-1,-1,-1,-1,-1,-1,-1,-1,-1,-1,-1,-1,-1,-1,-1,-1,-1,-1,-1,-1,-1,-1,-1,-1,-1,-1,-1,-2147483639,-2147483639,9,-2147483636,-2147483635,-2147483643,-2147483636,-1,-1,-1,-1,-1,-1,-1,-1,-1,-1
-1,-1,-1,-1,-1,-1,-1,-1,-1,-1,-1,-1,-1,-1,-1,-1,-1,-1,-1,-1,-1,-2147483640,-1,-2147483644,-2147483639,-2147483644,-2147483639,-2147483639,12,-2147483635,12,-2147483636,12,-2147483644,-1,-1,-1,-2147483639,-2147483639,-2147483639,2,-2147483643,-1,9,-1,-2147483646,-2147483636,-2147483636,-1,-1,-1,-1,5,-2147483639,12,-2147483636,9,-2147483643,-2147483643,-2147483646,12,12,-1,-1,-1,-1,-1,-1,9,-1,-2147483639,-1,-2147483639,-2147483639,12,-2147483635,-1,-1,-1,-1,-1,-1,-1,-1,-1,-1,-1,12,13,9,12,-2147483636,-1,-1,12,4,-2147483643,9,-2147483636,5,5,9,5,-2147483640,3,-1,12,9,12,-2147483644,-2147483646,-2147483635,-2147483639,-1,-1,-1,-1,-1,-1,-1,13,-1,-2147483639,9,9,9,5,9,9,12,-1,12,12,-1,9,-1,-1,-1,-1,-1,-1,-1,-1,-1,-1,-1,-1,-1,-1,-1,-1,-1,-1,-1,-1,-1,-1,-1,-1,-1,-1,-1,-1,-1,-1,-1,-1,-1,-1,-1,-1,-1,-1,-1,-1,-1,-1,-1,-1,-1,-1,-1,-1,-1,-1,-1,-1,-1,-1,-1,-1,-1,-1,-1,-1,-1,-1,-1,-1,-1
-1,-1,-1,-1,-1,-1,-1,-1,-1,-1,-1,-1,-1,-1,-1,-1,-1,-1,-1,-1,-2147483639,5,-1,-2147483636,-1,12,12,-2147483636,-2147483639,-2147483635,-2147483636,-2147483636,-2147483643,-1,-1,-1,-1,-1,-1,-2147483639,-2147483639,9,9,4,9,4,-1,-2147483636,-1,-1,-1,12,5,-2147483643,-2147483639,9,5,-2147483643,-2147483636,-1,-1,-1,-1,-1,-1,-1,-1,-1,-1,-1,-1,-1,-1,-1,-1,-1,-1,-1,-2147483643,-2147483636,3,3,12,12,-2147483643,9,9,12,-2147483646,-2147483636,-2147483636,-2147483636,-2147483636,-1,5,5,-2147483639,12,13,-1,-2147483639,9,9,9,5,9,9,12,9,12,12,-1,9,-1,-1,-1,-1,-1,-1,-1,4,-2147483636,-2147483636,-2147483636,8,9,9,13,9,13,12,12,12,-1,-1,-1,-1,-1,-1,-1,-1,-1,-1,-1,-1,-1,-1,-1,-1,-1,-1,-1,-1,-1,-1,-1,-1,-1,-1,-1,-1,-1,-1,-1,-1,-1,-1,-1,-1,-1,-1,-1,-1,-1,-1,-1,-1,-1,-1,-1,-1,-1,-1,-1,-1,-1,-1,-1,-1,-1,-1,-1,-1,-1,-1,-1,-1,-1,-1,-1
-1,-1,-1,-1,-1,-1,-1,-1,-1,-1,-1,-1,-1,-1,-1,-1,-1,-1,-1,-1,8,-1,-2147483643,12,-1,-1,-1,-1,-1,-1,-1,-1,-1,-1,-1,-1,-1,-1,-1,-2147483639,9,-2147483639,-2147483640,-1,8,-2147483643,2,5,-2147483643,-2147483636,-2147483639,-2147483640,-2147483639,-2147483640,12,-2147483636,8,9,8,-1,-1,-1,-1,-1,-1,-1,-1,-1,-1,-1,-1,-1,-1,-1,-1,-1,-1,-1,-2147483636,2,5,5,-1,12,-1,9,4,9,-1,-1,-2147483636,-2147483636,-2147483643,-1,12,5,-2147483643,-2147483639,4,-2147483636,-2147483636,-2147483636,8,-1,9,13,9,13,12,12,12,9,-1,-1,-1,-1,-1,-1,-1,-1,12,-1,-2147483640,9,-2147483644,-2147483639,-2147483644,-2147483639,-2147483639,12,-2147483635,12,-2147483636,12,-2147483644,-1,-1,-1,-1,-1,-1,-1,-1,-1,-1,-1,-1,-1,-1,-1,-1,-1,-1,-1,-1,-1,-1,-1,-1,-1,-1,-1,-1,-1,-1,-1,-1,-1,-1,-1,-1,-1,-1,-1,-1,-1,-1,-1,-1,-1,-1,-1,-1,-1,-1,-1,-1,-1,-1,-1,-1,-1,-1,-1,-1,-1,-1,-1,-1,-1
-1,-1,-1,-1,-1,-1,-1,-1,-1,-1,-1,-1,-1,-1,-1,-1,-1,-1,-1,-1,-1,-1,-1,-1,-1,-1,-1,-1,-2147483636,-1,-2147483645,12,12,12,-1,12,12,2,-1,-2147483640,2,-1,5,9,5,-2147483640,-1,-1,12,9,12,-1,-2147483646,-2147483635,-2147483639,9,-1,2,4,-1,-1,-1,-1,-2147483645,8,-2147483643,-2147483639,-2147483643,-2147483643,-2147483639,9,-1,-1,9,4,9,-2147483636,-2147483636,-2147483643,-2147483640,12,5,-1,-2147483639,-2147483639,-2147483640,3,8,-2147483643,2,5,-1,-1,-1,-2147483640,-2147483639,-2147483640,12,12,-1,-2147483640,9,-2147483644,-2147483639,-2147483644,-2147483639,-2147483639,12,-2147483635,12,-2147483636,12,-2147483644,-1,-1,-1,-1,-1,-1,-1,12,-2147483639,5,-2147483644,-2147483636,-1,12,12,-2147483636,-1,-2147483635,-2147483636,-2147483636,-2147483643,-1,-1,-1,-1,-1,-1,-1,-1,-1,-1,-1,-1,-1,-1,-1,-1,-1,-1,-1,-1,-1,-1,-1,-1,-1,-1,-1,-1,-1,-1,-1,-1,-1,-1,-1,-1,-1,-1,-1,-1,-1,-1,-1,-1,-1,-1,-1,-1,-1,-1,-1,-1,-1,-1,-1,-1,-1,-1,-1,-1,-1,-1,-1,-1,-1,-1
-1,-1,-1,-1,-1,-1,-1,-1,-1,-1,-1,-1,-1,-1,-1,-1,-1,-1,-1,-1,-1,-2147483643,-2147483646,8,-1,-2147483646,-1,-1,9,-2147483643,-2147483643,-2147483646,12,12,12,12,2,-2147483636,-2147483639,-2147483639,5,-2147483646,-1,-1,-1,-1,-1,-1,-1,-1,-1,-1,-1,-1,-1,-1,-1,-1,-1,-1,-1,-1,-2147483639,-2147483643,-2147483639,-2147483639,-2147483639,9,-1,9,-2147483639,-2147483640,3,8,-2147483643,2,5,-2147483643,-2147483636,-2147483639,-2147483640,-2147483639,-2147483640,12,-1,5,9,5,-2147483640,3,-1,-1,9,12,-2147483644,-2147483646,-2147483635,-2147483639,12,-2147483639,-1,-1,-1,-1,12,12,-2147483636,-2147483639,-2147483635,-2147483636,-2147483636,-2147483643,-1,-1,-1,-1,-1,-1,-1,-1,-1,-1,-1,-1,-1,-1,-1,-1,4,4,-2147483644,4,4,4,-1,-1,-1,-1,-1,-1,-1,-1,-1,-1,-1,-1,-1,-1,-1,-1,-1,-1,-1,-1,-1,-1,-1,-1,-1,-1,-1,-1,-1,-1,-1,-1,-1,-1,-1,-1,-1,-1,-1,-1,-1,-1,-1,-1,-1,-1,-1,-1,-1,-1,-1,-1,-1,-1,-1,-1,-1,-1,-1,-1,-1,-1,-1,-1,-1,-1
-1,-1,-1,-1,-1,-1,-1,-1,-1,-1,-1,-1,-1,-1,-1,-1,-1,-1,-1,-1,-1,2,-2147483643,-1,9,12,-1,-1,5,-2147483643,-2147483636,8,5,12,12,-2147483639,-2147483644,-1,-1,-2147483639,-2147483639,9,-2147483636,-1,-1,-1,-1,-1,-1,-1,-1,-1,-1,-1,-1,-1,-2147483639,-2147483636,-2147483636,-2147483636,-2147483635,-2147483639,-1,-2147483639,-1,-1,12,-1,12,-2147483639,5,5,9,5,-2147483640,-1,-1,12,9,12,-2147483644,-2147483646,-2147483635,-2147483639,-1,-2147483639,9,9,9,5,9,-1,12,9,12,12,-1,9,-1,-1,-1,-1,-1,-1,-1,-1,-1,-1,-1,-1,-1,-1,-1,-1,-1,-1,-1,-1,-1,-1,-1,-1,-1,-1,-1,-1,-1,4,-2147483644,-1,-1,-1,-1,-1,-1,-1,-1,-1,-1,-1,-1,-1,-1,-1,-1,-1,-1,-1,-1,-1,-1,-1,-1,-1,-1,-1,-1,-1,-1,-1,-1,-1,-1,-1,-1,-1,-1,-1,-1,-1,-1,-1,-1,-1,-1,-1,-1,-1,-1,-1,-1,-1,-1,-1,-1,-1,-1,-1,-1,-1,-1,-1,-1,-1,-1,-1,-1,-1,-1,-1
-1,-1,-1,-1,-1,-1,-1,-1,-1,-1,-1,-1,-1,-1,-1,-1,-1,-1,-1,-1,-1,-2147483639,9,-1,4,9,-1,-1,8,9,8,9,12,5,-2147483643,-2147483646,5,-2147483640,-2147483645,8,9,-2147483639,-2147483640,9,-2147483644,-2147483639,-1,-1,-2147483639,12,-2147483635,12,-2147483636,-1,-1,4,-2147483636,12,-2147483636,13,-2147483636,9,9,4,9,4,-2147483639,8,-1,13,-2147483639,-2147483639,-1,-1,9,5,9,9,12,9,12,12,-2147483640,9,-2147483636,-2147483636,-2147483636,-1,-1,9,13,-1,13,12,12,12,9,-1,-1,-1,-1,-1,-1,-1,-1,-1,-1,-1,-1,-1,-1,-1,-2147483643,-2147483646,8,-1,-2147483646,-2147483636,-2147483636,-1,-2147483636,-1,-2147483636,3,3,12,-2147483644,-1,-1,-1,-1,-1,-1,-1,-1,-1,-1,-1,-1,-1,-1,-1,-1,-1,-1,-1,-1,-1,-1,-1,-1,-1,-1,-1,-1,-1,-1,-1,-1,-1,-1,-1,-1,-1,-1,-1,-1,-1,-1,-1,-1,-1,-1,-1,-1,-1,-1,-1,-1,-1,-1,-1,-1,-1,-1,-1,-1,-1,-1,-1,-1,-1,-1,-1,-1,-1,-1,-1,-1,-1
-1,-1,-1,-1,-1,-1,-1,-1,-1,-1,-1,-1,-1,-1,-1,-1,-1,-1,-1,-1,-1,-1,8,-1,-2147483646,-2147483636,-1,-1,13,-1,4,-2147483636,-2147483639,-2147483636,-2147483636,-2147483636,-2147483645,-2147483645,12,12,12,9,12,12,2,-1,-1,2,5,-2147483639,-1,-2147483636,-2147483636,-2147483643,-1,-1,5,12,12,13,9,12,-2147483636,-1,-1,12,4,-2147483643,9,4,-2147483636,-2147483636,-2147483636,8,-2147483640,9,13,9,13,12,12,12,9,-2147483639,-1,-2147483640,9,-2147483644,-2147483639,-2147483644,-2147483639,-1,12,-2147483635,12,-1,-1,-1,-1,-1,-1,-1,-1,-1,-1,-1,-1,-1,-1,-1,-1,-1,2,-2147483643,9,9,12,-2147483646,-2147483636,-2147483636,-2147483636,-2147483636,2,5,-1,-2147483639,-2147483644,-1,-1,-1,-1,-1,-1,-1,-1,-1,-1,-1,-1,-1,-1,-1,-1,-1,-1,-1,-1,-1,-1,-1,-1,-1,-1,-1,-1,-1,-1,-1,-1,-1,-1,-1,-1,-1,-1,-1,-1,-1,-1,-1,-1,-1,-1,-1,-1,-1,-1,-1,-1,-1,-1,-1,-1,-1,-1,-1,-1,-1,-1,-1,-1,-1,-1,-1,-1,-1,-1,-1,-1,-1
-1,-1,-1,-1,-1,-1,-1,-1,-1,-1,-1,-1,-1,-1,-1,-1,-1,-1,-1,-1,2,-2147483643,9,9,12,-1,-1,-1,-1,-2147483636,-1,-2147483639,-2147483636,-1,-1,-1,-1,-1,-1,12,12,12,12,2,-2147483636,-2147483639,-2147483639,5,-2147483646,-1,-1,-1,-1,-1,-1,-2147483636,-2147483636,-2147483645,-2147483645,12,12,12,-1,12,12,2,-1,-1,2,12,-1,-2147483640,9,-2147483644,-2147483639,-2147483644,-2147483639,-2147483639,12,-2147483635,12,-2147483636,12,-2147483644,-2147483639,5,-1,-2147483636,5,12,-1,-2147483636,-2147483639,-2147483635,-1,-1,-1,-1,-1,-1,-1,-1,-1,-1,-1,-1,-1,-1,-1,-1,-1,-1,-1,9,9,4,-1,4,9,-2147483636,-2147483636,-1,-1,12,5,-2147483643,-2147483639,13,-1,-1,-1,-1,-1,-1,-1,-1,-1,-1,-1,-1,-1,-1,-1,-1,-1,-1,-1,-1,-1,-1,-1,-1,-1,-1,-1,-1,-1,-1,-1,-1,-1,-1,-1,-1,-1,-1,-1,-1,-1,-1,-1,-1,-1,-1,-1,-1,-1,-1,-1,-1,-1,-1,-1,-1,-1,-1,-1,-1,-1,-1,-1,-1,-1,-1,-1,-1,-1,-1,-1,-1
-1,-1,-1,-1,-1,-1,-1,-1,-1,-1,-1,-1,-1,-1,-1,-1,-1,-1,-1,-1,-2147483639,9,9,4,-1,4,-1,-1,-2147483639,-2147483636,-2147483636,-2147483636,-1,-1,-1,-1,-1,-1,-1,5,12,12,-2147483639,-2147483644,-2147483639,-2147483644,-2147483639,-2147483639,9,-1,-1,-1,-1,-1,-1,-2147483636,9,-2147483643,-2147483643,-2147483646,12,12,12,12,2,-2147483636,-2147483639,-2147483639,5,12,-1,5,-2147483644,-1,-1,12,-1,-2147483636,-2147483639,-2147483635,-2147483636,-2147483636,-2147483643,-1,-2147483643,-2147483643,-1,-1,5,4,4,-1,9,9,-1,-1,-1,-1,-1,-1,-1,-1,-1,-1,-1,-1,-1,-1,-1,-1,-1,-1,9,-2147483639,-2147483640,-1,8,-1,-1,-1,-2147483643,-2147483636,-2147483639,-2147483640,-2147483639,-2147483640,-1,-1,-1,-1,-1,-1,-1,-1,-1,-1,-1,-1,-1,-1,-1,-1,-1,-1,-1,-1,-1,-1,-1,-1,-1,-1,-1,-1,-1,-1,-1,-1,-1,-1,-1,-1,-1,-1,-1,-1,-1,-1,-1,-1,-1,-1,-1,-1,-1,-1,-1,-1,-1,-1,-1,-1,-1,-1,-1,-1,-1,-1,-1,-1,-1,-1,-1,-1,-1,-1,-1,-1,-1,-1
-1,-1,-1,-1,-1,-1,-1,-1,-1,-1,-1,-1,-1,-1,-1,-1,-1,-1,-1,-1,9,-1,-2147483640,3,8,-2147483643,-1,-1,-2147483636,12,-1,13,-1,-1,-1,-1,-1,-1,-1,-1,-1,-1,-1,-1,-2147483640,-2147483645,8,9,-2147483639,-1,-1,-1,-1,-1,-1,9,5,-2147483643,-1,8,5,12,-1,-2147483639,-2147483644,-2147483639,-2147483644,-2147483639,-2147483639,12,-1,-2147483640,9,-2147483644,-2147483639,-2147483644,-2147483639,-2147483639,12,-2147483635,12,-2147483636,12,-2147483644,-2147483643,-1,-1,-1,-1,-1,-2147483644,4,9,9,-1,-1,-1,-1,-1,-1,-1,-1,-1,-1,-1,-1,-1,-1,-1,-1,-1,-1,-2147483639,5,5,9,5,-1,-1,-1,-1,-1,12,-2147483644,-1,-2147483635,-2147483639,-1,-1,-1,-1,-1,-1,-1,-1,-1,-1,-1,-1,-1,-1,-1,-1,-1,-1,-1,-1,-1,-1,-1,-1,-1,-1,-1,-1,-1,-1,-1,-1,-1,-1,-1,-1,-1,-1,-1,-1,-1,-1,-1,-1,-1,-1,-1,-1,-1,-1,-1,-1,-1,-1,-1,-1,-1,-1,-1,-1,-1,-1,-1,-1,-1,-1,-1,-1,-1,-1,-1,-1,-1
-1,-1,-1,-1,-1,-1,-1,-1,-1,-1,-1,-1,-1,-1,-1,-1,-1,-1,-1,-1,-2147483639,5,-1,9,-1,-1,-1,-2147483644,5,12,12,-1,-1,-1,-1,-1,-1,-1,-1,-1,-1,-1,-1,-1,-2147483643,-1,-2147483643,-2147483643,9,-1,-1,-1,-1,-1,-1,-2147483636,8,9,8,9,12,5,-2147483643,-2147483646,5,-2147483640,-2147483645,8,9,12,-2147483639,5,-2147483644,-2147483636,-1,12,12,-2147483636,-2147483639,-2147483635,-2147483636,-2147483636,-2147483643,-1,-1,-1,8,8,2,5,13,4,-2147483644,4,-1,-1,-1,-1,-1,-1,-1,-1,-1,-1,-1,-1,-1,-1,-1,-1,-1,-1,13,-1,-2147483639,-1,9,-1,-1,-1,-1,-1,9,12,12,13,9,-1,-1,-1,-1,-1,-1,-1,-1,-1,-1,-1,-1,-1,-1,-1,-1,-1,-1,-1,-1,-1,-1,-1,-1,-1,-1,-1,-1,-1,-1,-1,-1,-1,-1,-1,-1,-1,-1,-1,-1,-1,-1,-1,-1,-1,-1,-1,-1,-1,-1,-1,-1,-1,-1,-1,-1,-1,-1,-1,-1,-1,-1,-1,-1,-1,-1,-1,-1,-1,-1,-1,-1,-1
-1,-1,-1,-1,-1,-1,-1,-1,-1,-1,-1,-1,-1,-1,-1,-1,-1,-1,-1,-1,13,12,-1,9,9,9,-1,-1,9,12,9,-1,-1,-1,-1,-1,-1,-1,-1,-1,-1,-1,-1,-1,-2147483639,-2147483639,9,-1,-2147483635,-1,-1,-1,-1,-1,-1,9,-1,2,4,-2147483636,-2147483639,-2147483636,-1,-2147483645,8,-2147483643,-2147483639,-2147483643,9,9,-1,-1,-2147483636,-2147483636,-2147483645,-2147483645,12,12,-1,-1,-1,-1,-1,-1,-1,-1,5,8,-2147483639,-1,4,-2147483644,4,4,-1,-1,-1,-1,-1,-1,-1,-1,-1,-1,-1,-1,-1,-1,-1,-1,-1,-1,4,-2147483636,-2147483636,-2147483636,8,-1,-1,-1,-1,-1,-1,-1,-1,-1,-1,-1,-1,-1,-1,-1,-1,-1,-1,-1,-1,-1,-1,-1,-1,-1,-1,-1,-1,-1,-1,-1,-1,-1,-1,-1,-1,-1,-1,-1,-1,-1,-1,-1,-1,-1,-1,-1,-1,-1,-1,-1,-1,-1,-1,-1,-1,-1,-1,-1,-1,-1,-1,-1,-1,-1,-1,-1,-1,-1,-1,-1,-1,-1,-1,-1,-1,-1,-1,-1,-1,-1,-1,-1
-1,-1,-1,-1,-1,-1,-1,-1,-1,-1,-1,-1,-1,-1,-1,-1,-1,-1,-1,-1,-1,-2147483636,-2147483636,-2147483636,8,-1,-1,13,9,13,12,-1,-1,-1,-1,-1,-1,-1,-1,-1,-1,-1,-1,-1,-2147483640,12,12,12,-2147483644,-1,-1,-1,-1,-1,-1,-2147483639,-1,-2147483636,-2147483636,-2147483639,-2147483636,-2147483639,-2147483639,-2147483643,-2147483639,-2147483639,-1,9,-1,-2147483635,-1,-1,5,9,-2147483643,-2147483643,-2147483646,12,12,-1,12,2,-2147483636,-1,-2147483639,5,-2147483646,8,-2147483639,2,-2147483639,9,4,-2147483644,-1,-1,-1,-1,-1,-1,-1,-1,-1,-1,-1,-1,-1,-1,-1,-1,-1,-1,12,-1,-2147483640,-1,-2147483644,-2147483639,-1,-1,-1,-1,-2147483635,12,-2147483636,12,-2147483644,-2147483636,-1,-1,-1,-1,-1,-1,-1,-1,-1,-1,-1,-1,-1,-1,-1,-1,-1,-1,-1,-1,-1,-1,-1,-1,-1,-1,-1,-1,-1,-1,-1,-1,-1,-1,-1,-1,-1,-1,-1,-1,-1,-1,-1,-1,-1,-1,-1,-1,-1,-1,-1,-1,-1,-1,-1,-1,-1,-1,-1,-1,-1,-1,-1,-1,-1,-1,-1,-1,-1,-1,-1,-1
-1,-1,-1,-1,-1,-1,-1,-1,-1,-1,-1,-1,-1,-1,-1,-1,-1,-1,-1,-1,-1,-1,-1,9,-2147483644,-2147483639,-1,-1,-1,12,-2147483635,12,-2147483636,12,4,-2147483636,12,-1,13,-2147483636,9,9,4,9,4,-2147483639,8,-1,-2147483636,-1,5,-1,-1,-1,-1,-1,-2147483639,-2147483636,-1,-2147483636,-2147483635,-2147483639,-1,-2147483639,-1,-2147483640,12,12,12,-2147483644,-1,-1,9,5,-2147483643,-2147483636,8,5,12,-1,-2147483639,-2147483644,-2147483639,-2147483644,-2147483639,-1,-1,-1,-1,-1,-1,-1,-1,-1,-1,-1,-1,-1,-1,-1,-1,-1,-1,-1,-1,-1,-1,-1,-1,9,-1,-1,12,-2147483639,5,-2147483644,-2147483636,-2147483643,12,12,-2147483636,-2147483639,-1,-2147483636,-2147483636,-1,12,-2147483636,-1,-1,-1,-2147483636,-1,-1,-1,-1,-1,-1,-1,-1,-1,-1,-1,-1,-1,-1,-1,-1,-1,-1,-1,-1,-1,-1,-1,-1,-1,-1,-1,-1,-1,-1,-1,-1,-1,-1,-1,-1,-1,-1,-1,-1,-1,-1,-1,-1,-1,-1,-1,-1,-1,-1,-1,-1,-1,-1,-1,-1,-1,-1,-1,-1,-1,-1,-1,-1,-1,-1,-1,-1
-1,-1,-1,-1,-1,-1,-1,-1,-1,-1,-1,-1,-1,-1,-1,-1,-1,-1,-1,-1,-1,-2147483639,5,-2147483644,-1,-1,12,12,-1,-2147483639,-2147483635,-2147483636,-2147483636,-1,-1,5,12,-1,13,9,12,-2147483636,-1,12,12,4,-2147483643,9,-2147483636,5,-2147483646,-1,-1,-1,-1,-1,-1,12,-2147483636,13,-2147483636,-1,9,4,9,4,-2147483639,8,-1,12,-1,-1,-2147483636,8,9,8,9,12,5,-1,-2147483646,-1,-2147483640,-2147483645,8,-1,-1,-1,-1,-1,-1,-1,-1,-1,-1,-1,-1,-1,-1,-1,-1,-1,-1,-1,-1,-1,-1,-1,-1,-1,-2147483636,9,12,-1,-2147483636,-2147483636,-2147483639,-2147483636,-2147483639,-1,-2147483639,-2147483644,-1,-2147483640,-2147483640,12,-1,12,-1,-1,-1,-1,-1,-1,-1,-1,-1,-1,-1,-1,-1,-1,-1,-1,-1,-1,-1,-1,-1,-1,-1,-1,-1,-1,-1,-1,-1,-1,-1,-1,-1,-1,-1,-1,-1,-1,-1,-1,-1,-1,-1,-1,-1,-1,-1,-1,-1,-1,-1,-1,-1,-1,-1,-1,-1,-1,-1,-1,-1,-1,-1,-1,-1,-1,-1,-1,-1,-1,-1,-1
-1,-1,-1,-1,-1,-1,-1,-1,-1,-1,-1,-1,-1,-1,-1,-1,-1,-1,-1,-1,-1,-2147483643,-2147483646,8,-1,-2147483646,-1,-2147483636,-1,-2147483636,-2147483636,-2147483636,3,3,12,12,-1,5,-2147483643,-2147483636,8,5,12,12,-2147483639,-2147483644,-2147483639,-2147483644,-2147483639,-2147483639,9,-1,-1,-1,-1,-1,5,-1,12,13,9,12,-2147483636,-2147483636,-1,12,4,-2147483643,12,-2147483636,-2147483636,-2147483645,9,13,2,4,-2147483636,-2147483639,-2147483636,-1,-1,8,-1,-2147483639,-2147483643,-1,-1,-1,-1,-1,-1,-1,-1,-1,-1,-1,-1,-1,-1,-2147483636,-2147483636,-2147483636,3,-1,12,12,12,-2147483636,8,8,12,-2147483636,-1,12,-2147483636,-2147483636,-2147483636,-2147483640,4,8,8,-1,12,-2147483640,12,-1,12,-1,-1,-1,-1,-1,-1,-1,-1,-1,-1,-1,-1,-1,-1,-1,-1,-1,-1,-1,-1,-1,-1,-1,-1,-1,-1,-1,-1,-1,-1,-1,-1,-1,-1,-1,-1,-1,-1,-1,-1,-1,-1,-1,-1,-1,-1,-1,-1,-1,-1,-1,-1,-1,-1,-1,-1,-1,-1,-1,-1,-1,-1,-1,-1,-1,-1,-1,-1,-1,-1,-1,-1,-1
-1,-1,-1,-1,-1,-1,-1,-1,-1,-1,-1,-1,-1,-1,-1,-1,-1,-1,-1,-1,-1,2,-2147483643,9,-1,12,-2147483646,-2147483636,-1,-2147483636,-2147483636,2,5,5,-2147483639,12,-2147483636,8,9,8,9,12,5,-2147483643,-2147483646,5,-2147483640,-2147483645,8,9,-2147483639,-1,-1,-1,-1,-2147483643,-2147483646,8,-1,-2147483646,-2147483636,-2147483636,-1,-2147483636,-2147483636,-2147483636,-1,3,12,-2147483636,9,-2147483643,-2147483639,-2147483646,-2147483636,-2147483636,-2147483639,-2147483636,-2147483639,-1,-1,-1,-1,-2147483639,9,-1,-1,-1,-1,-1,-1,-1,-1,-1,-1,-1,-1,-1,-1,-2147483636,-1,2,5,5,-2147483639,12,12,-2147483636,-2147483636,12,12,12,-2147483636,-2147483636,-2147483636,-2147483636,-1,5,5,-2147483639,-1,-1,12,12,-1,-1,-2147483636,-2147483636,-1,-1,-1,-1,-1,-1,-1,-1,-1,-1,-1,-1,-1,-1,-1,-1,-1,-1,-1,-1,-1,-1,-1,-1,-1,-1,-1,-1,-1,-1,-1,-1,-1,-1,-1,-1,-1,-1,-1,-1,-1,-1,-1,-1,-1,-1,-1,-1,-1,-1,-1,-1,-1,-1,-1,-1,-1,-1,-1,-1,-1,-1,-1,-1,-1,-1,-1,-1,-1,-1,-1,-1
-1,-1,-1,-1,-1,-1,-1,-1,-1,-1,-1,-1,-1,-1,-1,-1,-1,-1,-1,-1,-1,-2147483639,-1,9,-1,9,4,-1,-1,-2147483636,-2147483643,-1,12,5,-2147483643,-2147483639,-1,13,2,4,-2147483636,-2147483639,-2147483636,-1,-2147483645,8,-2147483643,-2147483639,-2147483643,-1,9,-1,-1,-1,-1,-1,-1,9,9,12,-2147483646,-2147483636,-2147483636,-2147483636,-2147483636,2,5,5,-2147483639,9,5,-2147483643,-2147483636,-2147483639,-2147483636,-2147483636,-2147483636,-2147483635,-2147483639,-1,-1,-2147483639,-2147483640,12,12,-1,-1,-1,-1,-1,-1,-1,-1,-1,4,9,4,9,-2147483636,-1,-2147483643,-2147483640,-1,-1,-2147483643,-2147483639,-2147483639,9,9,4,9,-1,9,-2147483636,-2147483636,2,-2147483640,12,5,-2147483643,-2147483639,-2147483639,12,9,9,-1,-1,9,-1,-1,-1,-1,-1,-1,-1,-1,-1,-1,-1,-1,-1,-1,-1,-1,-1,-1,-1,-1,-1,-1,-1,-1,-1,-1,-1,-1,-1,-1,-1,-1,-1,-1,-1,-1,-1,-1,-1,-1,-1,-1,-1,-1,-1,-1,-1,-1,-1,-1,-1,-1,-1,-1,-1,-1,-1,-1,-1,-1,-1,-1,-1,-1,-1,-1,-1,-1,-1,-1,-1,-1
-1,-1,-1,-1,-1,-1,-1,-1,-1,-1,-1,-1,-1,-1,-1,-1,-1,-1,-1,-1,-1,9,-2147483639,-2147483640,3,8,-2147483643,2,-1,-2147483643,-2147483636,-2147483639,-1,-2147483639,-2147483640,12,-2147483639,-1,-2147483636,-1,-2147483639,-1,-2147483639,-2147483639,-2147483643,-2147483639,-2147483639,-2147483639,9,-1,-2147483635,-1,-1,-1,-1,-1,9,9,4,-1,4,9,-2147483636,-2147483636,-2147483643,-2147483640,12,5,-2147483643,-2147483636,8,-1,4,-2147483636,12,-2147483636,13,-2147483636,9,-1,-1,9,4,-2147483639,8,-1,-1,-1,8,-1,-2147483646,9,-2147483639,-2147483640,3,8,-1,2,5,-2147483643,-2147483636,-2147483639,-2147483640,-2147483639,-1,12,12,-2147483639,-2147483646,-2147483646,8,2,2,5,2,-2147483636,-2147483639,-2147483640,-1,-2147483640,12,-1,9,-1,-1,-1,9,13,-1,-1,-1,-1,-1,-1,-1,-1,-1,-1,-1,-1,-1,-1,-1,-1,-1,-1,-1,-1,-1,-1,-1,-1,-1,-1,-1,-1,-1,-1,-1,-1,-1,-1,-1,-1,-1,-1,-1,-1,-1,-1,-1,-1,-1,-1,-1,-1,-1,-1,-1,-1,-1,-1,-1,-1,-1,-1,-1,-1,-1,-1,-1,-1,-1,-1,-1,-1,-1,-1,-1,-1
-1,-1,-1,-1,-1,-1,-1,-1,-1,-1,-1,-1,-1,-1,-1,-1,-1,-1,-1,-1,-1,-2147483639,-1,5,9,-1,-2147483640,-1,-1,12,9,12,-2147483644,-2147483646,-1,-2147483639,-1,-2147483639,-2147483636,-2147483636,-2147483636,-2147483635,-2147483639,-1,-2147483639,9,-2147483640,12,12,12,-2147483644,-1,-1,-1,-1,9,-2147483639,-2147483640,3,8,-2147483643,2,5,-2147483643,-1,-1,-2147483640,-1,-2147483640,9,-1,2,4,5,12,12,13,9,12,-2147483636,-1,-2147483643,12,-1,-2147483643,9,2,-2147483643,-1,9,12,-2147483639,5,5,-1,-1,-2147483640,3,3,12,9,12,-1,-2147483646,-2147483635,-2147483639,-2147483639,12,5,-1,5,2,2,2,12,9,-1,-2147483644,9,-2147483635,-2147483639,9,-1,-1,9,9,13,9,-1,-1,-1,-1,-1,-1,-1,-1,-1,-1,-1,-1,-1,-1,-1,-1,-1,-1,-1,-1,-1,-1,-1,-1,-1,-1,-1,-1,-1,-1,-1,-1,-1,-1,-1,-1,-1,-1,-1,-1,-1,-1,-1,-1,-1,-1,-1,-1,-1,-1,-1,-1,-1,-1,-1,-1,-1,-1,-1,-1,-1,-1,-1,-1,-1,-1,-1,-1,-1,-1,-1,-1
-1,-1,-1,-1,-1,-1,-1,-1,-1,-1,-1,-1,-1,-1,-1,-1,-1,-1,-1,-1,-1,13,-1,-1,-1,9,-1,-1,-1,9,-1,9,-1,12,-2147483636,-1,4,-2147483636,12,-2147483636,13,-2147483636,9,9,-1,-1,-1,-2147483639,8,-1,-2147483636,-1,-1,-1,-1,-2147483639,5,-1,9,5,-2147483640,3,-1,12,9,12,-2147483644,-2147483646,-2147483635,-2147483639,-1,-2147483636,-2147483636,-2147483639,-2147483636,-2147483639,-2147483639,-1,-2147483639,-2147483639,-1,9,-1,-1,-1,-2147483646,-1,9,9,4,9,13,-1,-1,9,9,9,5,9,9,12,-1,12,12,12,9,9,-2147483640,-2147483639,9,9,9,2,-1,-1,12,9,12,12,9,9,-1,-1,-1,-2147483636,9,-1,9,-1,-1,-1,-1,-1,-1,-1,-1,-1,-1,-1,-1,-1,-1,-1,-1,-1,-1,-1,-1,-1,-1,-1,-1,-1,-1,-1,-1,-1,-1,-1,-1,-1,-1,-1,-1,-1,-1,-1,-1,-1,-1,-1,-1,-1,-1,-1,-1,-1,-1,-1,-1,-1,-1,-1,-1,-1,-1,-1,-1,-1,-1,-1,-1,-1,-1,-1,-1,-1,-1,-1,-1
-1,-1,-1,-1,-1,-1,-1,-1,-1,-1,-1,-1,-1,-1,-1,-1,-1,-1,-1,-1,-1,4,-2147483636,-2147483636,-2147483636,8,-1,-1,-1,9,-1,12,-1,12,9,-1,-2147483636,5,12,12,13,9,-1,-1,-1,-1,-1,-1,-1,-1,-2147483636,-1,-1,-1,-1,13,-1,-2147483639,9,9,9,5,9,9,12,9,12,12,-1,-1,-2147483639,-2147483636,-2147483636,-2147483636,-2147483635,-2147483639,-2147483635,-2147483639,-1,-2147483640,-1,12,12,-2147483644,-1,-1,-1,-2147483639,-2147483640,3,8,4,-2147483636,-2147483636,-2147483636,8,8,-1,13,9,13,-1,12,12,9,9,4,-1,-2147483636,-2147483636,-1,-2147483636,9,13,9,13,12,12,12,9,-2147483636,-1,5,-2147483644,9,-2147483636,-2147483636,-1,-1,-1,-1,-1,-1,-1,-1,-1,-1,-1,-1,-1,-1,-1,-1,-1,-1,-1,-1,-1,-1,-1,-1,-1,-1,-1,-1,-1,-1,-1,-1,-1,-1,-1,-1,-1,-1,-1,-1,-1,-1,-1,-1,-1,-1,-1,-1,-1,-1,-1,-1,-1,-1,-1,-1,-1,-1,-1,-1,-1,-1,-1,-1,-1,-1,-1,-1,-1,-1,-1,-1,-1
-1,-1,-1,-1,-1,-1,-1,-1,-1,-1,-1,-1,-1,-1,-1,-1,-1,-1,-1,-1,-1,12,-1,-1,9,-1,-1,-2147483644,-2147483639,-2147483639,12,-2147483635,12,-2147483636,12,-2147483644,-2147483636,-2147483636,-1,-1,-1,-1,-1,-1,-1,-1,-1,-1,-1,-1,-1,-1,-1,-1,-1,4,-1,-2147483636,-1,8,2,9,13,9,-1,12,12,-1,9,4,-2147483636,12,-2147483636,13,-2147483636,9,9,4,9,-1,-1,8,-1,-2147483636,-2147483646,-2147483646,-1,-1,-1,9,5,12,12,-1,9,-2147483644,-1,-2147483644,-2147483639,-2147483639,12,-2147483635,12,-2147483636,12,-2147483644,-2147483644,5,-2147483640,9,-2147483644,-2147483639,-2147483644,-2147483639,-2147483639,12,-2147483635,12,-2147483636,12,-2147483644,13,5,13,4,5,5,-2147483636,-1,-1,-1,-1,-1,-1,-1,-1,-1,-1,-1,-1,-1,-1,-1,-1,-1,-1,-1,-1,-1,-1,-1,-1,-1,-1,-1,-1,-1,-1,-1,-1,-1,-1,-1,-1,-1,-1,-1,-1,-1,-1,-1,-1,-1,-1,-1,-1,-1,-1,-1,-1,-1,-1,-1,-1,-1,-1,-1,-1,-1,-1,-1,-1,-1,-1,-1,-1,-1,-1,-1,-1
-1,-1,-1,-1,-1,-1,-1,-1,-1,-1,-1,-1,-1,-1,-1,-1,-1,-1,-1,-1,-1,12,-2147483639,5,-2147483644,-1,-2147483639,12,-1,-2147483636,-2147483639,-2147483635,-1,-2147483636,-2147483643,-1,-1,-1,-1,-1,-1,-1,-1,-1,-1,-1,-1,-1,-1,-1,-1,-1,-1,-1,-1,12,-1,-2147483640,9,-2147483644,-2147483639,-1,-2147483639,-1,12,-2147483635,12,-2147483636,12,-1,5,12,12,-2147483636,-2147483636,-1,-2147483645,12,12,-1,4,12,12,2,-2147483646,-2147483640,13,5,-2147483639,9,9,12,-2147483639,5,-2147483644,-2147483636,-2147483636,12,12,-2147483636,-2147483639,-1,-2147483636,-2147483636,-2147483643,-2147483643,12,-2147483639,5,-2147483644,-1,-2147483636,12,12,-2147483636,-2147483639,-2147483635,-2147483636,-2147483636,-1,13,5,4,12,12,-2147483636,-2147483644,-2147483636,-1,-1,-1,-1,-1,-1,-1,-1,-1,-1,-1,-1,-1,-1,-1,-1,-1,-1,-1,-1,-1,-1,-1,-1,-1,-1,-1,-1,-1,-1,-1,-1,-1,-1,-1,-1,-1,-1,-1,-1,-1,-1,-1,-1,-1,-1,-1,-1,-1,-1,-1,-1,-1,-1,-1,-1,-1,-1,-1,-1,-1,-1,-1,-1,-1,-1,-1,-1,-1,-1,-1,-1
-1,-1,-1,-1,-1,-1,-1,-1,-1,-1,-1,-1,-1,-1,-1,-1,-1,-1,-1,-1,-1,-1,9,-2147483639,-1,12,-2147483639,9,9,-2147483636,-2147483639,-2147483639,-2147483636,-2147483639,-1,-1,-1,-1,-1,-1,-1,-1,-1,-1,-1,-1,-1,-1,-1,-1,-1,-1,-1,-1,-1,-1,-1,5,-2147483644,-2147483636,-1,12,12,-2147483636,-2147483639,-2147483635,-2147483636,-2147483636,-2147483643,2,2,-1,2,-1,9,-2147483643,-2147483643,-2147483646,12,-1,12,12,2,-1,-2147483639,-2147483639,4,-2147483636,-2147483636,-2147483636,8,-1,9,13,9,-1,12,12,12,9,3,-2147483646,3,2,-1,-1,13,2,3,-2147483646,3,2,5,-1,9,2,2,2,-1,12,4,-1,12,13,-2147483636,-1,-1,-1,-1,-1,-1,-1,2,-1,-1,-1,-1,-1,-1,-1,-1,-1,-1,-1,-1,-1,-1,-1,-1,-1,-1,-1,-1,-1,-1,-1,-1,-1,-1,-1,-1,-1,-1,-1,-1,-1,-1,-1,-1,-1,-1,-1,-1,-1,-1,-1,-1,-1,-1,-1,-1,-1,-1,-1,-1,-1,-1,-1,-1,-1,-1,-1,-1,-1,-1,-1,-1,-1,-1,-1
-1,-1,-1,-1,-1,-1,-1,-1,-1,-1,-1,-1,-1,-1,-1,-1,-1,-1,-1,-1,-1,-1,-1,-2147483636,-2147483639,-2147483639,-1,9,12,-2147483639,-2147483639,-1,-1,-1,-1,-1,-1,-1,-1,-1,-1,-1,-1,-1,-1,-1,-1,-1,-1,-1,-1,-1,-1,-1,-1,-1,-1,-1,-1,-1,-1,-1,-1,-1,-1,-1,-1,-1,-1,-1,2,2,2,9,5,-2147483643,-2147483636,8,5,-1,-1,-2147483639,-2147483644,-2147483639,-2147483644,-2147483639,12,9,-2147483640,9,-2147483644,-2147483639,-2147483644,-2147483639,-2147483639,12,-2147483635,12,-1,12,-2147483644,3,-1,2,3,3,2,2,4,-1,4,2,-2147483646,12,-1,2,3,3,-2147483644,12,-2147483644,12,-1,-1,-1,-1,-1,-1,-1,-1,-1,-1,-1,-1,-1,-1,-1,-1,-1,-1,-1,-1,-1,-1,-1,-1,-1,-1,-1,-1,-1,-1,-1,-1,-1,-1,-1,-1,-1,-1,-1,-1,-1,-1,-1,-1,-1,-1,-1,-1,-1,-1,-1,-1,-1,-1,-1,-1,-1,-1,-1,-1,-1,-1,-1,-1,-1,-1,-1,-1,-1,-1,-1,-1,-1,-1,-1,-1,-1,-1
-1,-1,-1,-1,-1,-1,-1,-1,-1,-1,-1,-1,-1,-1,-1,-1,-1,-1,-1,-1,-1,-1,-1,-1,-1,-1,-1,-1,-1,-1,-1,-1,-1,-1,-1,-1,-1,-1,-1,-1,-1,-1,-1,-1,-1,-1,-1,-1,-1,-1,-1,-1,-1,-1,-1,-1,-1,-1,-1,-1,-1,-1,-1,-1,-1,-1,-1,-1,-1,-1,-1,-1,-1,-1,-1,-1,-1,9,12,5,-2147483643,-2147483646,5,-1,-2147483645,8,-1,-2147483639,5,-2147483644,-2147483636,-1,12,12,-2147483636,-2147483639,-2147483635,-2147483636,-2147483636,-1,-1,-1,-1,-1,-1,-1,-1,-1,-1,-1,4,12,2,2,-2147483645,-2147483646,-2147483645,2,-1,-1,-1,-1,-1,-1,-1,-1,-1,-1,-1,-1,-1,-1,-1,-1,-1,-1,-1,-1,-1,-1,-1,-1,-1,-1,-1,-1,-1,-1,-1,-1,-1,-1,-1,-1,-1,-1,-1,-1,-1,-1,-1,-1,-1,-1,-1,-1,-1,-1,-1,-1,-1,-1,-1,-1,-1,-1,-1,-1,-1,-1,-1,-1,-1,-1,-1,-1,-1,-1,-1,-1,-1,-1,-1,-1,-1,-1,-1,-1,-1,-1
-1,-1,-1,-1,-1,-1,-1,-1,-1,-1,-1,-1,-1,-1,-1,-1,-1,-1,-1,-1,-1,-1,-1,-1,-1,-1,-1,-1,-1,-1,-1,-1,-1,-1,-1,-1,-1,-1,-1,-1,-1,-1,-1,-1,-1,-1,-1,-1,-1,-1,-1,-1,-1,-1,-1,-1,-1,-1,-1,-1,-1,-1,-1,-1,-1,-1,-1,-1,-1,-1,-1,-1,-1,-1,-1,-1,-1,-1,-1,-2147483636,-1,-2147483645,-1,-2147483643,-2147483639,-1,-2147483643,9,-2147483646,2,2,-2147483636,-2147483645,3,3,-2147483636,-1,-1,-1,-1,-1,-1,-1,-1,-1,-1,-1,-1,-1,-1,-1,-1,-1,-1,-1,-1,-1,-1,-1,-1,-1,-1,-1,-1,-1,-1,-1,-1,-1,-1,-1,-1,-1,-1,-1,-1,-1,-1,-1,-1,-1,-1,-1,-1,-1,-1,-1,-1,-1,-1,-1,-1,-1,-1,-1,-1,-1,-1,-1,-1,-1,-1,-1,-1,-1,-1,-1,-1,-1,-1,-1,-1,-1,-1,-1,-1,-1,-1,-1,-1,-1,-1,-1,-1,-1,-1,-1,-1,-1,-1,-1,-1,-1,-1,-1,-1,-1,-1,-1,-1
-1,-1,-1,-1,-1,-1,-1,-1,-1,-1,-1,-1,-1,-1,-1,-1,-1,-1,-1,-1,-1,-1,-1,-1,-1,-1,-1,-1,-1,-1,-1,-1,-1,-1,-1,-1,-1,-1,-1,-1,-1,-1,-1,-1,-1,-1,-1,-1,-1,-1,-1,-1,-1,-1,-1,-1,-1,-1,-1,-1,-1,-1,-1,-1,-1,-1,-1,-1,-1,-1,-1,-1,-1,-1,-1,-1,-1,-1,-1,-1,-1,-2147483643,-1,-2147483639,-2147483639,-1,-1,-1,-1,-1,-1,-1,-1,-1,-1,-1,-1,-1,-1,-1,-1,-1,-1,-1,-1,-1,-1,-1,-1,-1,-1,-1,-1,-1,-1,-1,-1,-1,-1,-1,-1,-1,-1,-1,-1,-1,-1,-1,-1,-1,-1,-1,-1,-1,-1,-1,-1,-1,-1,-1,-1,-1,-1,-1,-1,-1,-1,-1,-1,-1,-1,-1,-1,-1,-1,-1,-1,-1,-1,-1,-1,-1,-1,-1,-1,-1,-1,-1,-1,-1,-1,-1,-1,-1,-1,-1,-1,-1,-1,-1,-1,-1,-1,-1,-1,-1,-1,-1,-1,-1,-1,-1,-1,-1,-1,-1,-1,-1,-1,-1
-1,-1,-1,-1,-1,-1,-1,-1,-1,-1,-1,-1,-1,-1,-1,-1,-1,-1,-1,-1,-1,-1,-1,-1,-1,-1,-1,-1,-1,-1,-1,-1,-1,-1,-1,-1,-1,-1,-1,-1,-1,-1,-1,-1,-1,-1,-1,-1,-1,-1,-1,-1,-1,-1,-1,-1,-1,-1,-1,-1,-1,-1,-1,-1,-1,-1,-1,-1,-1,-1,-1,-1,-1,-1,-1,-1,-1,-1,-1,-1,-1,-1,-1,-1,-1,-1,-1,-1,-1,-1,-1,-1,-1,-1,-1,-1,-1,-1,-1,-1,-1,-1,-1,-1,-1,-1,-1,-1,-1,-1,-1,-1,-1,-1,-1,-1,-1,-1,-1,-1,-1,-1,-1,-1,-1,-1,-1,-1,-1,-1,-1,-1,-1,-1,-1,-1,-1,-1,-1,-1,-1,-1,-1,-1,-1,-1,-1,-1,-1,-1,-1,-1,-1,-1,-1,-1,-1,-1,-1,-1,-1,-1,-1,-1,-1,-1,-1,-1,-1,-1,-1,-1,-1,-1,-1,-1,-1,-1,-1,-1,-1,-1,-1,-1,-1,-1,-1,-1,-1,-1,-1,-1,-1,-1,-1,-1,-1,-1,-1,-1
-1,-1,-1,-1,-1,-1,-1,-1,-1,-1,-1,-1,-1,-1,-1,-1,-1,-1,-1,-1,-1,-1,-1,-1,-1,-1,-1,-1,-1,-1,-1,-1,-1,-1,-1,-1,-1,-1,-1,-1,-1,-1,-1,-1,-1,-1,-1,-1,-1,-1,-1,-1,-1,-1,-1,-1,-1,-1,-1,-1,-1,-1,-1,-1,-1,-1,-1,-1,-1,-1,-1,-1,-1,-1,-1,-1,-1,-1,-1,-1,-1,-1,-1,-1,-1,-1,-1,-1,-1,-1,-1,-1,-1,-1,-1,-1,-1,-1,-1,-1,-1,-1,-1,-1,-1,-1,-1,-1,-1,-1,-1,-1,-1,-1,-1,-1,-1,-1,-1,-1,-1,-1,-1,-1,-1,-1,-1,-1,-1,-1,-1,-1,-1,-1,-1,-1,-1,-1,-1,-1,-1,-1,-1,-1,-1,-1,-1,-1,-1,-1,-1,-1,-1,-1,-1,-1,-1,-1,-1,-1,-1,-1,-1,-1,-1,-1,-1,-1,-1,-1,-1,-1,-1,-1,-1,-1,-1,-1,-1,-1,-1,-1,-1,-1,-1,-1,-1,-1,-1,-1,-1,-1,-1,-1,-1,-1,-1,-1,-1,-1
-1,-1,-1,-1,-1,-1,-1,-1,-1,-1,-1,-1,-1,-1,-1,-1,-1,-1,-1,-1,-1,-1,-1,-1,-1,-1,-1,-1,-1,-1,-1,-1,-1,-1,-1,-1,-1,-1,-1,-1,-1,-1,-1,-1,-1,-1,-1,-1,-1,-1,-1,-1,-1,-1,-1,-1,-1,-1,-1,-1,-1,-1,-1,-1,-1,-1,-1,-1,-1,-1,-1,-1,-1,-1,-1,-1,-1,-1,-1,-1,-1,-1,-1,-1,-1,-1,-1,-1,-1,-1,-1,-1,-1,-1,-1,-1,-1,-1,-1,-1,-1,-1,-1,-1,-1,-1,-1,-1,-1,-1,-1,-1,-1,-1,-1,-1,-1,-1,-1,-1,-1,-1,-1,-1,-1,-1,-1,-1,-1,-1,-1,-1,-1,-1,-1,-1,-1,-1,-1,-1,-1,-1,-1,-1,-1,-1,-1,-1,-1,-1,-1,-1,-1,-1,-1,-1,-1,-1,-1,-1,-1,-1,-1,-1,-1,-1,-1,-1,-1,-1,-1,-1,-1,-1,-1,-1,-1,-1,-1,-1,-1,-1,-1,-1,-1,-1,-1,-1,-1,-1,-1,-1,-1,-1,-1,-1,-1,-1,-1,-1
-1,-1,-1,-1,-1,-1,-1,-1,-1,-1,-1,-1,-1,-1,-1,-1,-1,-1,-1,-1,-1,-1,-1,-1,-1,-1,-1,-1,-1,-1,-1,-1,-1,-1,-1,-1,-1,-1,-1,-1,-1,-1,-1,-1,-1,-1,-1,-1,-1,-1,-1,-1,-1,-1,-1,-1,-1,-1,-1,-1,-1,-1,-1,-1,-1,-1,-1,-1,-1,-1,-1,-1,-1,-1,-1,-1,-1,-1,-1,-1,-1,-1,-1,-1,-1,-1,-1,-1,-1,-1,-1,-1,-1,-1,-1,-1,-1,-1,-1,-1,-1,-1,-1,-1,-1,-1,-1,-1,-1,-1,-1,-1,-1,-1,-1,-1,-1,-1,-1,-1,-1,-1,-1,-1,-1,-1,-1,-1,-1,-1,-1,-1,-1,-1,-1,-1,-1,-1,-1,-1,-1,-1,-1,-1,-1,-1,-1,-1,-1,-1,-1,-1,-1,-1,-1,-1,-1,-1,-1,-1,-1,-1,-1,-1,-1,-1,-1,-1,-1,-1,-1,-1,-1,-1,-1,-1,-1,-1,-1,-1,-1,-1,-1,-1,-1,-1,-1,-1,-1,-1,-1,-1,-1,-1,-1,-1,-1,-1,-1,-1
-1,-1,-1,-1,-1,-1,-1,-1,-1,-1,-1,-1,-1,-1,-1,-1,-1,-1,-1,-1,-1,-1,-1,-1,-1,-1,-1,-1,-1,-1,-1,-1,-1,-1,-1,-1,-1,-1,-1,-1,-1,-1,-1,-1,-1,-1,-1,-1,-1,-1,-1,-1,-1,-1,-1,-1,-1,-1,-1,-1,-1,-1,-1,-1,-1,-1,-1,-1,-1,-1,-1,-1,-1,-1,-1,-1,-1,-1,-1,-1,-1,-1,-1,-1,-1,-1,-1,-1,-1,-1,-1,-1,-1,-1,-1,-1,-1,-1,-1,-1,-1,-1,-1,-1,-1,-1,-1,-1,-1,-1,-1,-1,-1,-1,-1,-1,-1,-1,-1,-1,-1,-1,-1,-1,-1,-1,-1,-1,-1,-1,-1,-1,-1,-1,-1,-1,-1,-1,-1,-1,-1,-1,-1,-1,-1,-1,-1,-1,-1,-1,-1,-1,-1,-1,-1,-1,-1,-1,-1,-1,-1,-1,-1,-1,-1,-1,-1,-1,-1,-1,-1,-1,-1,-1,-1,-1,-1,-1,-1,-1,-1,-1,-1,-1,-1,-1,-1,-1,-1,-1,-1,-1,-1,-1,-1,-1,-1,-1,-1,-1
-1,-1,-1,-1,-1,-1,-1,-1,-1,-1,-1,-1,-1,-1,-1,-1,-1,-1,-1,-1,-1,-1,-1,-1,-1,-1,-1,-1,-1,-1,-1,-1,-1,-1,-1,-1,-1,-1,-1,-1,-1,-1,-1,-1,-1,-1,-1,-1,-1,-1,-1,-1,-1,-1,-1,-1,-1,-1,-1,-1,-1,-1,-1,-1,-1,-1,-1,-1,-1,-1,-1,-1,-1,-1,-1,-1,-1,-1,-1,-1,-1,-1,-1,-1,-1,-1,-1,-1,-1,-1,-1,-1,-1,-1,-1,-1,-1,-1,-1,-1,-1,-1,-1,-1,-1,-1,-1,-1,-1,-1,-1,-1,-1,-1,-1,-1,-1,-1,-1,-1,-1,-1,-1,-1,-1,-1,-1,-1,-1,-1,-1,-1,-1,-1,-1,-1,-1,-1,-1,-1,-1,-1,-1,-1,-1,-1,-1,-1,-1,-1,-1,-1,-1,-1,-1,-1,-1,-1,-1,-1,-1,-1,-1,-1,-1,-1,-1,-1,-1,-1,-1,-1,-1,-1,-1,-1,-1,-1,-1,-1,-1,-1,-1,-1,-1,-1,-1,-1,-1,-1,-1,-1,-1,-1,-1,-1,-1,-1,-1,-1
-1,-1,-1,-1,-1,-1,-1,-1,-1,-1,-1,-1,-1,-1,-1,-1,-1,-1,-1,-1,-1,-1,-1,-1,-1,-1,-1,-1,-1,-1,-1,-1,-1,-1,-1,-1,-1,-1,-1,-1,-1,-1,-1,-1,-1,-1,-1,-1,-1,-1,-1,-1,-1,-1,-1,-1,-1,-1,-1,-1,-1,-1,-1,-1,-1,-1,-1,-1,-1,-1,-1,-1,-1,-1,-1,-1,-1,-1,-1,-1,-1,-1,-1,-1,-1,-1,-1,-1,-1,-1,-1,-1,-1,-1,-1,-1,-1,-1,-1,-1,-1,-1,-1,-1,-1,-1,-1,-1,-1,-1,-1,-1,-1,-1,-1,-1,-1,-1,-1,-1,-1,-1,-1,-1,-1,-1,-1,-1,-1,-1,-1,-1,-1,-1,-1,-1,-1,-1,-1,-1,-1,-1,-1,-1,-1,-1,-1,-1,-1,-1,-1,-1,-1,-1,-1,-1,-1,-1,-1,-1,-1,-1,-1,-1,-1,-1,-1,-1,-1,-1,-1,-1,-1,-1,-1,-1,-1,-1,-1,-1,-1,-1,-1,-1,-1,-1,-1,-1,-1,-1,-1,-1,-1,-1,-1,-1,-1,-1,-1,-1
-1,-1,-1,-1,-1,-1,-1,-1,-1,-1,-1,-1,-1,-1,-1,-1,-1,-1,-1,-1,-1,-1,-1,-1,-1,-1,-1,-1,-1,-1,-1,-1,-1,-1,-1,-1,-1,-1,-1,-1,-1,-1,-1,-1,-1,-1,-1,-1,-1,-1,-1,-1,-1,-1,-1,-1,-1,-1,-1,-1,-1,-1,-1,-1,-1,-1,-1,-1,-1,-1,-1,-1,-1,-1,-1,-1,-1,-1,-1,-1,-1,-1,-1,-1,-1,-1,-1,-1,-1,-1,-1,-1,-1,-1,-1,-1,-1,-1,-1,-1,-1,-1,-1,-1,-1,-1,-1,-1,-1,-1,-1,-1,-1,-1,-1,-1,-1,-1,-1,-1,-1,-1,-1,-1,-1,-1,-1,-1,-1,-1,-1,-1,-1,-1,-1,-1,-1,-1,-1,-1,-1,-1,-1,-1,-1,-1,-1,-1,-1,-1,-1,-1,-1,-1,-1,-1,-1,-1,-1,-1,-1,-1,-1,-1,-1,-1,-1,-1,-1,-1,-1,-1,-1,-1,-1,-1,-1,-1,-1,-1,-1,-1,-1,-1,-1,-1,-1,-1,-1,-1,-1,-1,-1,-1,-1,-1,-1,-1,-1,-1
-1,-1,-1,-1,-1,-1,-1,-1,-1,-1,-1,-1,-1,-1,-1,-1,-1,-1,-1,-1,-1,-1,-1,-1,-1,-1,-1,-1,-1,-1,-1,-1,-1,-1,-1,-1,-1,-1,-1,-1,-1,-1,-1,-1,-1,-1,-1,-1,-1,-1,-1,-1,-1,-1,-1,-1,-1,-1,-1,-1,-1,-1,-1,-1,-1,-1,-1,-1,-1,-1,-1,-1,-1,-1,-1,-1,-1,-1,-1,-1,-1,-1,-1,-1,-1,-1,-1,-1,-1,-1,-1,-1,-1,-1,-1,-1,-1,-1,-1,-1,-1,-1,-1,-1,-1,-1,-1,-1,-1,-1,-1,-1,-1,-1,-1,-1,-1,-1,-1,-1,-1,-1,-1,-1,-1,-1,-1,-1,-1,-1,-1,-1,-1,-1,-1,-1,-1,-1,-1,-1,-1,-1,-1,-1,-1,-1,-1,-1,-1,-1,-1,-1,-1,-1,-1,-1,-1,-1,-1,-1,-1,-1,-1,-1,-1,-1,-1,-1,-1,-1,-1,-1,-1,-1,-1,-1,-1,-1,-1,-1,-1,-1,-1,-1,-1,-1,-1,-1,-1,-1,-1,-1,-1,-1,-1,-1,-1,-1,-1,-1
-1,-1,-1,-1,-1,-1,-1,-1,-1,-1,-1,-1,-1,-1,-1,-1,-1,-1,-1,-1,-1,-1,-1,-1,-1,-1,-1,-1,-1,-1,-1,-1,-1,-1,-1,-1,-1,-1,-1,-1,-1,-1,-1,-1,-1,-1,-1,-1,-1,-1,-1,-1,-1,-1,-1,-1,-1,-1,-1,-1,-1,-1,-1,-1,-1,-1,-1,-1,-1,-1,-1,-1,-1,-1,-1,-1,-1,-1,-1,-1,-1,-1,-1,-1,-1,-1,-1,-1,-1,-1,-1,-1,-1,-1,-1,-1,-1,-1,-1,-1,-1,-1,-1,-1,-1,-1,-1,-1,-1,-1,-1,-1,-1,-1,-1,-1,-1,-1,-1,-1,-1,-1,-1,-1,-1,-1,-1,-1,-1,-1,-1,-1,-1,-1,-1,-1,-1,-1,-1,-1,-1,-1,-1,-1,-1,-1,-1,-1,-1,-1,-1,-1,-1,-1,-1,-1,-1,-1,-1,-1,-1,-1,-1,-1,-1,-1,-1,-1,-1,-1,-1,-1,-1,-1,-1,-1,-1,-1,-1,-1,-1,-1,-1,-1,-1,-1,-1,-1,-1,-1,-1,-1,-1,-1,-1,-1,-1,-1,-1,-1
-1,-1,-1,-1,-1,-1,-1,-1,-1,-1,-1,-1,-1,-1,-1,-1,-1,-1,-1,-1,-1,-1,-1,-1,-1,-1,-1,-1,-1,-1,-1,-1,-1,-1,-1,-1,-1,-1,-1,-1,-1,-1,-1,-1,-1,-1,-1,-1,-1,-1,-1,-1,-1,-1,-1,-1,-1,-1,-1,-1,-1,-1,-1,-1,-1,-1,-1,-1,-1,-1,-1,-1,-1,-1,-1,-1,-1,-1,-1,-1,-1,-1,-1,-1,-1,-1,-1,-1,-1,-1,-1,-1,-1,-1,-1,-1,-1,-1,-1,-1,-1,-1,-1,-1,-1,-1,-1,-1,-1,-1,-1,-1,-1,-1,-1,-1,-1,-1,-1,-1,-1,-1,-1,-1,-1,-1,-1,-1,-1,-1,-1,-1,-1,-1,-1,-1,-1,-1,-1,-1,-1,-1,-1,-1,-1,-1,-1,-1,-1,-1,-1,-1,-1,-1,-1,-1,-1,-1,-1,-1,-1,-1,-1,-1,-1,-1,-1,-1,-1,-1,-1,-1,-1,-1,-1,-1,-1,-1,-1,-1,-1,-1,-1,-1,-1,-1,-1,-1,-1,-1,-1,-1,-1,-1,-1,-1,-1,-1,-1,-1
-1,-1,-1,-1,-1,-1,-1,-1,-1,-1,-1,-1,-1,-1,-1,-1,-1,-1,-1,-1,-1,-1,-1,-1,-1,-1,-1,-1,-1,-1,-1,-1,-1,-1,-1,-1,-1,-1,-1,-1,-1,-1,-1,-1,-1,-1,-1,-1,-1,-1,-1,-1,-1,-1,-1,-1,-1,-1,-1,-1,-1,-1,-1,-1,-1,-1,-1,-1,-1,-1,-1,-1,-1,-1,-1,-1,-1,-1,-1,-1,-1,-1,-1,-1,-1,-1,-1,-1,-1,-1,-1,-1,-1,-1,-1,-1,-1,-1,-1,-1,-1,-1,-1,-1,-1,-1,-1,-1,-1,-1,-1,-1,-1,-1,-1,-1,-1,-1,-1,-1,-1,-1,-1,-1,-1,-1,-1,-1,-1,-1,-1,-1,-1,-1,-1,-1,-1,-1,-1,-1,-1,-1,-1,-1,-1,-1,-1,-1,-1,-1,-1,-1,-1,-1,-1,-1,-1,-1,-1,-1,-1,-1,-1,-1,-1,-1,-1,-1,-1,-1,-1,-1,-1,-1,-1,-1,-1,-1,-1,-1,-1,-1,-1,-1,-1,-1,-1,-1,-1,-1,-1,-1,-1,-1,-1,-1,-1,-1,-1,-1
-1,-1,-1,-1,-1,-1,-1,-1,-1,-1,-1,-1,-1,-1,-1,-1,-1,-1,-1,-1,-1,-1,-1,-1,-1,-1,-1,-1,-1,-1,-1,-1,-1,-1,-1,-1,-1,-1,-1,-1,-1,-1,-1,-1,-1,-1,-1,-1,-1,-1,-1,-1,-1,-1,-1,-1,-1,-1,-1,-1,-1,-1,-1,-1,-1,-1,-1,-1,-1,-1,-1,-1,-1,-1,-1,-1,-1,-1,-1,-1,-1,-1,-1,-1,-1,-1,-1,-1,-1,-1,-1,-1,-1,-1,-1,-1,-1,-1,-1,-1,-1,-1,-1,-1,-1,-1,-1,-1,-1,-1,-1,-1,-1,-1,-1,-1,-1,-1,-1,-1,-1,-1,-1,-1,-1,-1,-1,-1,-1,-1,-1,-1,-1,-1,-1,-1,-1,-1,-1,-1,-1,-1,-1,-1,-1,-1,-1,-1,-1,-1,-1,-1,-1,-1,-1,-1,-1,-1,-1,-1,-1,-1,-1,-1,-1,-1,-1,-1,-1,-1,-1,-1,-1,-1,-1,-1,-1,-1,-1,-1,-1,-1,-1,-1,-1,-1,-1,-1,-1,-1,-1,-1,-1,-1,-1,-1,-1,-1,-1,-1
-1,-1,-1,-1,-1,-1,-1,-1,-1,-1,-1,-1,-1,-1,-1,-1,-1,-1,-1,-1,-1,-1,-1,-1,-1,-1,-1,-1,-1,-1,-1,-1,-1,-1,-1,-1,-1,-1,-1,-1,-1,-1,-1,-1,-1,-1,-1,-1,-1,-1,-1,-1,-1,-1,-1,-1,-1,-1,-1,-1,-1,-1,-1,-1,-1,-1,-1,-1,-1,-1,-1,-1,-1,-1,-1,-1,-1,-1,-1,-1,-1,-1,-1,-1,-1,-1,-1,-1,-1,-1,-1,-1,-1,-1,-1,-1,-1,-1,-1,-1,-1,-1,-1,-1,-1,-1,-1,-1,-1,-1,-1,-1,-1,-1,-1,-1,-1,-1,-1,-1,-1,-1,-1,-1,-1,-1,-1,-1,-1,-1,-1,-1,-1,-1,-1,-1,-1,-1,-1,-1,-1,-1,-1,-1,-1,-1,-1,-1,-1,-1,-1,-1,-1,-1,-1,-1,-1,-1,-1,-1,-1,-1,-1,-1,-1,-1,-1,-1,-1,-1,-1,-1,-1,-1,-1,-1,-1,-1,-1,-1,-1,-1,-1,-1,-1,-1,-1,-1,-1,-1,-1,-1,-1,-1,-1,-1,-1,-1,-1,-1
-1,-1,-1,-1,-1,-1,-1,-1,-1,-1,-1,-1,-1,-1,-1,-1,-1,-1,-1,-1,-1,-1,-1,-1,-1,-1,-1,-1,-1,-1,-1,-1,-1,-1,-1,-1,-1,-1,-1,-1,-1,-1,-1,-1,-1,-1,-1,-1,-1,-1,-1,-1,-1,-1,-1,-1,-1,-1,-1,-1,-1,-1,-1,-1,-1,-1,-1,-1,-1,-1,-1,-1,-1,-1,-1,-1,-1,-1,-1,-1,-1,-1,-1,-1,-1,-1,-1,-1,-1,-1,-1,-1,-1,-1,-1,-1,-1,-1,-1,-1,-1,-1,-1,-1,-1,-1,-1,-1,-1,-1,-1,-1,-1,-1,-1,-1,-1,-1,-1,-1,-1,-1,-1,-1,-1,-1,-1,-1,-1,-1,-1,-1,-1,-1,-1,-1,-1,-1,-1,-1,-1,-1,-1,-1,-1,-1,-1,-1,-1,-1,-1,-1,-1,-1,-1,-1,-1,-1,-1,-1,-1,-1,-1,-1,-1,-1,-1,-1,-1,-1,-1,-1,-1,-1,-1,-1,-1,-1,-1,-1,-1,-1,-1,-1,-1,-1,-1,-1,-1,-1,-1,-1,-1,-1,-1,-1,-1,-1,-1,-1
-1,-1,-1,-1,-1,-1,-1,-1,-1,-1,-1,-1,-1,-1,-1,-1,-1,-1,-1,-1,-1,-1,-1,-1,-1,-1,-1,-1,-1,-1,-1,-1,-1,-1,-1,-1,-1,-1,-1,-1,-1,-1,-1,-1,-1,-1,-1,-1,-1,-1,-1,-1,-1,-1,-1,-1,-1,-1,-1,-1,-1,-1,-1,-1,-1,-1,-1,-1,-1,-1,-1,-1,-1,-1,-1,-1,-1,-1,-1,-1,-1,-1,-1,-1,-1,-1,-1,-1,-1,-1,-1,-1,-1,-1,-1,-1,-1,-1,-1,-1,-1,-1,-1,-1,-1,-1,-1,-1,-1,-1,-1,-1,-1,-1,-1,-1,-1,-1,-1,-1,-1,-1,-1,-1,-1,-1,-1,-1,-1,-1,-1,-1,-1,-1,-1,-1,-1,-1,-1,-1,-1,-1,-1,-1,-1,-1,-1,-1,-1,-1,-1,-1,-1,-1,-1,-1,-1,-1,-1,-1,-1,-1,-1,-1,-1,-1,-1,-1,-1,-1,-1,-1,-1,-1,-1,-1,-1,-1,-1,-1,-1,-1,-1,-1,-1,-1,-1,-1,-1,-1,-1,-1,-1,-1,-1,-1,-1,-1,-1,-1
-1,-1,-1,-1,-1,-1,-1,-1,-1,-1,-1,-1,-1,-1,-1,-1,-1,-1,-1,-1,-1,-1,-1,-1,-1,-1,-1,-1,-1,-1,-1,-1,-1,-1,-1,-1,-1,-1,-1,-1,-1,-1,-1,-1,-1,-1,-1,-1,-1,-1,-1,-1,-1,-1,-1,-1,-1,-1,-1,-1,-1,-1,-1,-1,-1,-1,-1,-1,-1,-1,-1,-1,-1,-1,-1,-1,-1,-1,-1,-1,-1,-1,-1,-1,-1,-1,-1,-1,-1,-1,-1,-1,-1,-1,-1,-1,-1,-1,-1,-1,-1,-1,-1,-1,-1,-1,-1,-1,-1,-1,-1,-1,-1,-1,-1,-1,-1,-1,-1,-1,-1,-1,-1,-1,-1,-1,-1,-1,-1,-1,-1,-1,-1,-1,-1,-1,-1,-1,-1,-1,-1,-1,-1,-1,-1,-1,-1,-1,-1,-1,-1,-1,-1,-1,-1,-1,-1,-1,-1,-1,-1,-1,-1,-1,-1,-1,-1,-1,-1,-1,-1,-1,-1,-1,-1,-1,-1,-1,-1,-1,-1,-1,-1,-1,-1,-1,-1,-1,-1,-1,-1,-1,-1,-1,-1,-1,-1,-1,-1,-1
-1,-1,-1,-1,-1,-1,-1,-1,-1,-1,-1,-1,-1,-1,-1,-1,-1,-1,-1,-1,-1,-1,-1,-1,-1,-1,-1,-1,-1,-1,-1,-1,-1,-1,-1,-1,-1,-1,-1,-1,-1,-1,-1,-1,-1,-1,-1,-1,-1,-1,-1,-1,-1,-1,-1,-1,-1,-1,-1,-1,-1,-1,-1,-1,-1,-1,-1,-1,-1,-1,-1,-1,-1,-1,-1,-1,-1,-1,-1,-1,-1,-1,-1,-1,-1,-1,-1,-1,-1,-1,-1,-1,-1,-1,-1,-1,-1,-1,-1,-1,-1,-1,-1,-1,-1,-1,-1,-1,-1,-1,-1,-1,-1,-1,-1,-1,-1,-1,-1,-1,-1,-1,-1,-1,-1,-1,-1,-1,-1,-1,-1,-1,-1,-1,-1,-1,-1,-1,-1,-1,-1,-1,-1,-1,-1,-1,-1,-1,-1,-1,-1,-1,-1,-1,-1,-1,-1,-1,-1,-1,-1,-1,-1,-1,-1,-1,-1,-1,-1,-1,-1,-1,-1,-1,-1,-1,-1,-1,-1,-1,-1,-1,-1,-1,-1,-1,-1,-1,-1,-1,-1,-1,-1,-1,-1,-1,-1,-1,-1,-1
-1,-1,-1,-1,-1,-1,-1,-1,-1,-1,-1,-1,-1,-1,-1,-1,-1,-1,-1,-1,-1,-1,-1,-1,-1,-1,-1,-1,-1,-1,-1,-1,-1,-1,-1,-1,-1,-1,-1,-1,-1,-1,-1,-1,-1,-1,-1,-1,-1,-1,-1,-1,-1,-1,-1,-1,-1,-1,-1,-1,-1,-1,-1,-1,-1,-1,-1,-1,-1,-1,-1,-1,-1,-1,-1,-1,-1,-1,-1,-1,-1,-1,-1,-1,-1,-1,-1,-1,-1,-1,-1,-1,-1,-1,-1,-1,-1,-1,-1,-1,-1,-1,-1,-1,-1,-1,-1,-1,-1,-1,-1,-1,-1,-1,-1,-1,-1,-1,-1,-1,-1,-1,-1,-1,-1,-1,-1,-1,-1,-1,-1,-1,-1,-1,-1,-1,-1,-1,-1,-1,-1,-1,-1,-1,-1,-1,-1,-1,-1,-1,-1,-1,-1,-1,-1,-1,-1,-1,-1,-1,-1,-1,-1,-1,-1,-1,-1,-1,-1,-1,-1,-1,-1,-1,-1,-1,-1,-1,-1,-1,-1,-1,-1,-1,-1,-1,-1,-1,-1,-1,-1,-1,-1,-1,-1,-1,-1,-1,-1,-1
-1,-1,-1,-1,-1,-1,-1,-1,-1,-1,-1,-1,-1,-1,-1,-1,-1,-1,-1,-1,-1,-1,-1,-1,-1,-1,-1,-1,-1,-1,-1,-1,-1,-1,-1,-1,-1,-1,-1,-1,-1,-1,-1,-1,-1,-1,-1,-1,-1,-1,-1,-1,-1,-1,-1,-1,-1,-1,-1,-1,-1,-1,-1,-1,-1,-1,-1,-1,-1,-1,-1,-1,-1,-1,-1,-1,-1,-1,-1,-1,-1,-1,-1,-1,-1,-1,-1,-1,-1,-1,-1,-1,-1,-1,-1,-1,-1,-1,-1,-1,-1,-1,-1,-1,-1,-1,-1,-1,-1,-1,-1,-1,-1,-1,-1,-1,-1,-1,-1,-1,-1,-1,-1,-1,-1,-1,-1,-1,-1,-1,-1,-1,-1,-1,-1,-1,-1,-1,-1,-1,-1,-1,-1,-1,-1,-1,-1,-1,-1,-1,-1,-1,-1,-1,-1,-1,-1,-1,-1,-1,-1,-1,-1,-1,-1,-1,-1,-1,-1,-1,-1,-1,-1,-1,-1,-1,-1,-1,-1,-1,-1,-1,-1,-1,-1,-1,-1,-1,-1,-1,-1,-1,-1,-1,-1,-1,-1,-1,-1,-1
-1,-1,-1,-1,-1,-1,-1,-1,-1,-1,-1,-1,-1,-1,-1,-1,-1,-1,-1,-1,-1,-1,-1,-1,-1,-1,-1,-1,-1,-1,-1,-1,-1,-1,-1,-1,-1,-1,-1,-1,-1,-1,-1,-1,-1,-1,-1,-1,-1,-1,-1,-1,-1,-1,-1,-1,-1,-1,-1,-1,-1,-1,-1,-1,-1,-1,-1,-1,-1,-1,-1,-1,-1,-1,-1,-1,-1,-1,-1,-1,-1,-1,-1,-1,-1,-1,-1,-1,-1,-1,-1,-1,-1,-1,-1,-1,-1,-1,-1,-1,-1,-1,-1,-1,-1,-1,-1,-1,-1,-1,-1,-1,-1,-1,-1,-1,-1,-1,-1,-1,-1,-1,-1,-1,-1,-1,-1,-1,-1,-1,-1,-1,-1,-1,-1,-1,-1,-1,-1,-1,-1,-1,-1,-1,-1,-1,-1,-1,-1,-1,-1,-1,-1,-1,-1,-1,-1,-1,-1,-1,-1,-1,-1,-1,-1,-1,-1,-1,-1,-1,-1,-1,-1,-1,-1,-1,-1,-1,-1,-1,-1,-1,-1,-1,-1,-1,-1,-1,-1,-1,-1,-1,-1,-1,-1,-1,-1,-1,-1,-1
-1,-1,-1,-1,-1,-1,-1,-1,-1,-1,-1,-1,-1,-1,-1,-1,-1,-1,-1,-1,-1,-1,-1,-1,-1,-1,-1,-1,-1,-1,-1,-1,-1,-1,-1,-1,-1,-1,-1,-1,-1,-1,-1,-1,-1,-1,-1,-1,-1,-1,-1,-1,-1,-1,-1,-1,-1,-1,-1,-1,-1,-1,-1,-1,-1,-1,-1,-1,-1,-1,-1,-1,-1,-1,-1,-1,-1,-1,-1,-1,-1,-1,-1,-1,-1,-1,-1,-1,-1,-1,-1,-1,-1,-1,-1,-1,-1,-1,-1,-1,-1,-1,-1,-1,-1,-1,-1,-1,-1,-1,-1,-1,-1,-1,-1,-1,-1,-1,-1,-1,-1,-1,-1,-1,-1,-1,-1,-1,-1,-1,-1,-1,-1,-1,-1,-1,-1,-1,-1,-1,-1,-1,-1,-1,-1,-1,-1,-1,-1,-1,-1,-1,-1,-1,-1,-1,-1,-1,-1,-1,-1,-1,-1,-1,-1,-1,-1,-1,-1,-1,-1,-1,-1,-1,-1,-1,-1,-1,-1,-1,-1,-1,-1,-1,-1,-1,-1,-1,-1,-1,-1,-1,-1,-1,-1,-1,-1,-1,-1,-1
-1,-1,-1,-1,-1,-1,-1,-1,-1,-1,-1,-1,-1,-1,-1,-1,-1,-1,-1,-1,-1,-1,-1,-1,-1,-1,-1,-1,-1,-1,-1,-1,-1,-1,-1,-1,-1,-1,-1,-1,-1,-1,-1,-1,-1,-1,-1,-1,-1,-1,-1,-1,-1,-1,-1,-1,-1,-1,-1,-1,-1,-1,-1,-1,-1,-1,-1,-1,-1,-1,-1,-1,-1,-1,-1,-1,-1,-1,-1,-1,-1,-1,-1,-1,-1,-1,-1,-1,-1,-1,-1,-1,-1,-1,-1,-1,-1,-1,-1,-1,-1,-1,-1,-1,-1,-1,-1,-1,-1,-1,-1,-1,-1,-1,-1,-1,-1,-1,-1,-1,-1,-1,-1,-1,-1,-1,-1,-1,-1,-1,-1,-1,-1,-1,-1,-1,-1,-1,-1,-1,-1,-1,-1,-1,-1,-1,-1,-1,-1,-1,-1,-1,-1,-1,-1,-1,-1,-1,-1,-1,-1,-1,-1,-1,-1,-1,-1,-1,-1,-1,-1,-1,-1,-1,-1,-1,-1,-1,-1,-1,-1,-1,-1,-1,-1,-1,-1,-1,-1,-1,-1,-1,-1,-1,-1,-1,-1,-1,-1,-1
-1,-1,-1,-1,-1,-1,-1,-1,-1,-1,-1,-1,-1,-1,-1,-1,-1,-1,-1,-1,-1,-1,-1,-1,-1,-1,-1,-1,-1,-1,-1,-1,-1,-1,-1,-1,-1,-1,-1,-1,-1,-1,-1,-1,-1,-1,-1,-1,-1,-1,-1,-1,-1,-1,-1,-1,-1,-1,-1,-1,-1,-1,-1,-1,-1,-1,-1,-1,-1,-1,-1,-1,-1,-1,-1,-1,-1,-1,-1,-1,-1,-1,-1,-1,-1,-1,-1,-1,-1,-1,-1,-1,-1,-1,-1,-1,-1,-1,-1,-1,-1,-1,-1,-1,-1,-1,-1,-1,-1,-1,-1,-1,-1,-1,-1,-1,-1,-1,-1,-1,-1,-1,-1,-1,-1,-1,-1,-1,-1,-1,-1,-1,-1,-1,-1,-1,-1,-1,-1,-1,-1,-1,-1,-1,-1,-1,-1,-1,-1,-1,-1,-1,-1,-1,-1,-1,-1,-1,-1,-1,-1,-1,-1,-1,-1,-1,-1,-1,-1,-1,-1,-1,-1,-1,-1,-1,-1,-1,-1,-1,-1,-1,-1,-1,-1,-1,-1,-1,-1,-1,-1,-1,-1,-1,-1,-1,-1,-1,-1,-1
-1,-1,-1,-1,-1,-1,-1,-1,-1,-1,-1,-1,-1,-1,-1,-1,-1,-1,-1,-1,-1,-1,-1,-1,-1,-1,-1,-1,-1,-1,-1,-1,-1,-1,-1,-1,-1,-1,-1,-1,-1,-1,-1,-1,-1,-1,-1,-1,-1,-1,-1,-1,-1,-1,-1,-1,-1,-1,-1,-1,-1,-1,-1,-1,-1,-1,-1,-1,-1,-1,-1,-1,-1,-1,-1,-1,-1,-1,-1,-1,-1,-1,-1,-1,-1,-1,-1,-1,-1,-1,-1,-1,-1,-1,-1,-1,-1,-1,-1,-1,-1,-1,-1,-1,-1,-1,-1,-1,-1,-1,-1,-1,-1,-1,-1,-1,-1,-1,-1,-1,-1,-1,-1,-1,-1,-1,-1,-1,-1,-1,-1,-1,-1,-1,-1,-1,-1,-1,-1,-1,-1,-1,-1,-1,-1,-1,-1,-1,-1,-1,-1,-1,-1,-1,-1,-1,-1,-1,-1,-1,-1,-1,-1,-1,-1,-1,-1,-1,-1,-1,-1,-1,-1,-1,-1,-1,-1,-1,-1,-1,-1,-1,-1,-1,-1,-1,-1,-1,-1,-1,-1,-1,-1,-1,-1,-1,-1,-1,-1,-1
-1,-1,-1,-1,-1,-1,-1,-1,-1,-1,-1,-1,-1,-1,-1,-1,-1,-1,-1,-1,-1,-1,-1,-1,-1,-1,-1,-1,-1,-1,-1,-1,-1,-1,-1,-1,-1,-1,-1,-1,-1,-1,-1,-1,-1,-1,-1,-1,-1,-1,-1,-1,-1,-1,-1,-1,-1,-1,-1,-1,-1,-1,-1,-1,-1,-1,-1,-1,-1,-1,-1,-1,-1,-1,-1,-1,-1,-1,-1,-1,-1,-1,-1,-1,-1,-1,-1,-1,-1,-1,-1,-1,-1,-1,-1,-1,-1,-1,-1,-1,-1,-1,-1,-1,-1,-1,-1,-1,-1,-1,-1,-1,-1,-1,-1,-1,-1,-1,-1,-1,-1,-1,-1,-1,-1,-1,-1,-1,-1,-1,-1,-1,-1,-1,-1,-1,-1,-1,-1,-1,-1,-1,-1,-1,-1,-1,-1,-1,-1,-1,-1,-1,-1,-1,-1,-1,-1,-1,-1,-1,-1,-1,-1,-1,-1,-1,-1,-1,-1,-1,-1,-1,-1,-1,-1,-1,-1,-1,-1,-1,-1,-1,-1,-1,-1,-1,-1,-1,-1,-1,-1,-1,-1,-1,-1,-1,-1,-1,-1,-1
-1,-1,-1,-1,-1,-1,-1,-1,-1,-1,-1,-1,-1,-1,-1,-1,-1,-1,-1,-1,-1,-1,-1,-1,-1,-1,-1,-1,-1,-1,-1,-1,-1,-1,-1,-1,-1,-1,-1,-1,-1,-1,-1,-1,-1,-1,-1,-1,-1,-1,-1,-1,-1,-1,-1,-1,-1,-1,-1,-1,-1,-1,-1,-1,-1,-1,-1,-1,-1,-1,-1,-1,-1,-1,-1,-1,-1,-1,-1,-1,-1,-1,-1,-1,-1,-1,-1,-1,-1,-1,-1,-1,-1,-1,-1,-1,-1,-1,-1,-1,-1,-1,-1,-1,-1,-1,-1,-1,-1,-1,-1,-1,-1,-1,-1,-1,-1,-1,-1,-1,-1,-1,-1,-1,-1,-1,-1,-1,-1,-1,-1,-1,-1,-1,-1,-1,-1,-1,-1,-1,-1,-1,-1,-1,-1,-1,-1,-1,-1,-1,-1,-1,-1,-1,-1,-1,-1,-1,-1,-1,-1,-1,-1,-1,-1,-1,-1,-1,-1,-1,-1,-1,-1,-1,-1,-1,-1,-1,-1,-1,-1,-1,-1,-1,-1,-1,-1,-1,-1,-1,-1,-1,-1,-1,-1,-1,-1,-1,-1,-1
-1,-1,-1,-1,-1,-1,-1,-1,-1,-1,-1,-1,-1,-1,-1,-1,-1,-1,-1,-1,-1,-1,-1,-1,-1,-1,-1,-1,-1,-1,-1,-1,-1,-1,-1,-1,-1,-1,-1,-1,-1,-1,-1,-1,-1,-1,-1,-1,-1,-1,-1,-1,-1,-1,-1,-1,-1,-1,-1,-1,-1,-1,-1,-1,-1,-1,-1,-1,-1,-1,-1,-1,-1,-1,-1,-1,-1,-1,-1,-1,-1,-1,-1,-1,-1,-1,-1,-1,-1,-1,-1,-1,-1,-1,-1,-1,-1,-1,-1,-1,-1,-1,-1,-1,-1,-1,-1,-1,-1,-1,-1,-1,-1,-1,-1,-1,-1,-1,-1,-1,-1,-1,-1,-1,-1,-1,-1,-1,-1,-1,-1,-1,-1,-1,-1,-1,-1,-1,-1,-1,-1,-1,-1,-1,-1,-1,-1,-1,-1,-1,-1,-1,-1,-1,-1,-1,-1,-1,-1,-1,-1,-1,-1,-1,-1,-1,-1,-1,-1,-1,-1,-1,-1,-1,-1,-1,-1,-1,-1,-1,-1,-1,-1,-1,-1,-1,-1,-1,-1,-1,-1,-1,-1,-1,-1,-1,-1,-1,-1,-1
-1,-1,-1,-1,-1,-1,-1,-1,-1,-1,-1,-1,-1,-1,-1,-1,-1,-1,-1,-1,-1,-1,-1,-1,-1,-1,-1,-1,-1,-1,-1,-1,-1,-1,-1,-1,-1,-1,-1,-1,-1,-1,-1,-1,-1,-1,-1,-1,-1,-1,-1,-1,-1,-1,-1,-1,-1,-1,-1,-1,-1,-1,-1,-1,-1,-1,-1,-1,-1,-1,-1,-1,-1,-1,-1,-1,-1,-1,-1,-1,-1,-1,-1,-1,-1,-1,-1,-1,-1,-1,-1,-1,-1,-1,-1,-1,-1,-1,-1,-1,-1,-1,-1,-1,-1,-1,-1,-1,-1,-1,-1,-1,-1,-1,-1,-1,-1,-1,-1,-1,-1,-1,-1,-1,-1,-1,-1,-1,-1,-1,-1,-1,-1,-1,-1,-1,-1,-1,-1,-1,-1,-1,-1,-1,-1,-1,-1,-1,-1,-1,-1,-1,-1,-1,-1,-1,-1,-1,-1,-1,-1,-1,-1,-1,-1,-1,-1,-1,-1,-1,-1,-1,-1,-1,-1,-1,-1,-1,-1,-1,-1,-1,-1,-1,-1,-1,-1,-1,-1,-1,-1,-1,-1,-1,-1,-1,-1,-1,-1,-1
-1,-1,-1,-1,-1,-1,-1,-1,-1,-1,-1,-1,-1,-1,-1,-1,-1,-1,-1,-1,-1,-1,-1,-1,-1,-1,-1,-1,-1,-1,-1,-1,-1,-1,-1,-1,-1,-1,-1,-1,-1,-1,-1,-1,-1,-1,-1,-1,-1,-1,-1,-1,-1,-1,-1,-1,-1,-1,-1,-1,-1,-1,-1,-1,-1,-1,-1,-1,-1,-1,-1,-1,-1,-1,-1,-1,-1,-1,-1,-1,-1,-1,-1,-1,-1,-1,-1,-1,-1,-1,-1,-1,-1,-1,-1,-1,-1,-1,-1,-1,-1,-1,-1,-1,-1,-1,-1,-1,-1,-1,-1,-1,-1,-1,-1,-1,-1,-1,-1,-1,-1,-1,-1,-1,-1,-1,-1,-1,-1,-1,-1,-1,-1,-1,-1,-1,-1,-1,-1,-1,-1,-1,-1,-1,-1,-1,-1,-1,-1,-1,-1,-1,-1,-1,-1,-1,-1,-1,-1,-1,-1,-1,-1,-1,-1,-1,-1,-1,-1,-1,-1,-1,-1,-1,-1,-1,-1,-1,-1,-1,-1,-1,-1,-1,-1,-1,-1,-1,-1,-1,-1,-1,-1,-1,-1,-1,-1,-1,-1,-1
-1,-1,-1,-1,-1,-1,-1,-1,-1,-1,-1,-1,-1,-1,-1,-1,-1,-1,-1,-1,-1,-1,-1,-1,-1,-1,-1,-1,-1,-1,-1,-1,-1,-1,-1,-1,-1,-1,-1,-1,-1,-1,-1,-1,-1,-1,-1,-1,-1,-1,-1,-1,-1,-1,-1,-1,-1,-1,-1,-1,-1,-1,-1,-1,-1,-1,-1,-1,-1,-1,-1,-1,-1,-1,-1,-1,-1,-1,-1,-1,-1,-1,-1,-1,-1,-1,-1,-1,-1,-1,-1,-1,-1,-1,-1,-1,-1,-1,-1,-1,-1,-1,-1,-1,-1,-1,-1,-1,-1,-1,-1,-1,-1,-1,-1,-1,-1,-1,-1,-1,-1,-1,-1,-1,-1,-1,-1,-1,-1,-1,-1,-1,-1,-1,-1,-1,-1,-1,-1,-1,-1,-1,-1,-1,-1,-1,-1,-1,-1,-1,-1,-1,-1,-1,-1,-1,-1,-1,-1,-1,-1,-1,-1,-1,-1,-1,-1,-1,-1,-1,-1,-1,-1,-1,-1,-1,-1,-1,-1,-1,-1,-1,-1,-1,-1,-1,-1,-1,-1,-1,-1,-1,-1,-1,-1,-1,-1,-1,-1,-1
-1,-1,-1,-1,-1,-1,-1,-1,-1,-1,-1,-1,-1,-1,-1,-1,-1,-1,-1,-1,-1,-1,-1,-1,-1,-1,-1,-1,-1,-1,-1,-1,-1,-1,-1,-1,-1,-1,-1,-1,-1,-1,-1,-1,-1,-1,-1,-1,-1,-1,-1,-1,-1,-1,-1,-1,-1,-1,-1,-1,-1,-1,-1,-1,-1,-1,-1,-1,-1,-1,-1,-1,-1,-1,-1,-1,-1,-1,-1,-1,-1,-1,-1,-1,-1,-1,-1,-1,-1,-1,-1,-1,-1,-1,-1,-1,-1,-1,-1,-1,-1,-1,-1,-1,-1,-1,-1,-1,-1,-1,-1,-1,-1,-1,-1,-1,-1,-1,-1,-1,-1,-1,-1,-1,-1,-1,-1,-1,-1,-1,-1,-1,-1,-1,-1,-1,-1,-1,-1,-1,-1,-1,-1,-1,-1,-1,-1,-1,-1,-1,-1,-1,-1,-1,-1,-1,-1,-1,-1,-1,-1,-1,-1,-1,-1,-1,-1,-1,-1,-1,-1,-1,-1,-1,-1,-1,-1,-1,-1,-1,-1,-1,-1,-1,-1,-1,-1,-1,-1,-1,-1,-1,-1,-1,-1,-1,-1,-1,-1,-1
-1,-1,-1,-1,-1,-1,-1,-1,-1,-1,-1,-1,-1,-1,-1,-1,-1,-1,-1,-1,-1,-1,-1,-1,-1,-1,-1,-1,-1,-1,-1,-1,-1,-1,-1,-1,-1,-1,-1,-1,-1,-1,-1,-1,-1,-1,-1,-1,-1,-1,-1,-1,-1,-1,-1,-1,-1,-1,-1,-1,-1,-1,-1,-1,-1,-1,-1,-1,-1,-1,-1,-1,-1,-1,-1,-1,-1,-1,-1,-1,-1,-1,-1,-1,-1,-1,-1,-1,-1,-1,-1,-1,-1,-1,-1,-1,-1,-1,-1,-1,-1,-1,-1,-1,-1,-1,-1,-1,-1,-1,-1,-1,-1,-1,-1,-1,-1,-1,-1,-1,-1,-1,-1,-1,-1,-1,-1,-1,-1,-1,-1,-1,-1,-1,-1,-1,-1,-1,-1,-1,-1,-1,-1,-1,-1,-1,-1,-1,-1,-1,-1,-1,-1,-1,-1,-1,-1,-1,-1,-1,-1,-1,-1,-1,-1,-1,-1,-1,-1,-1,-1,-1,-1,-1,-1,-1,-1,-1,-1,-1,-1,-1,-1,-1,-1,-1,-1,-1,-1,-1,-1,-1,-1,-1,-1,-1,-1,-1,-1,-1
-1,-1,-1,-1,-1,-1,-1,-1,-1,-1,-1,-1,-1,-1,-1,-1,-1,-1,-1,-1,-1,-1,-1,-1,-1,-1,-1,-1,-1,-1,-1,-1,-1,-1,-1,-1,-1,-1,-1,-1,-1,-1,-1,-1,-1,-1,-1,-1,-1,-1,-1,-1,-1,-1,-1,-1,-1,-1,-1,-1,-1,-1,-1,-1,-1,-1,-1,-1,-1,-1,-1,-1,-1,-1,-1,-1,-1,-1,-1,-1,-1,-1,-1,-1,-1,-1,-1,-1,-1,-1,-1,-1,-1,-1,-1,-1,-1,-1,-1,-1,-1,-1,-1,-1,-1,-1,-1,-1,-1,-1,-1,-1,-1,-1,-1,-1,-1,-1,-1,-1,-1,-1,-1,-1,-1,-1,-1,-1,-1,-1,-1,-1,-1,-1,-1,-1,-1,-1,-1,-1,-1,-1,-1,-1,-1,-1,-1,-1,-1,-1,-1,-1,-1,-1,-1,-1,-1,-1,-1,-1,-1,-1,-1,-1,-1,-1,-1,-1,-1,-1,-1,-1,-1,-1,-1,-1,-1,-1,-1,-1,-1,-1,-1,-1,-1,-1,-1,-1,-1,-1,-1,-1,-1,-1,-1,-1,-1,-1,-1,-1
-1,-1,-1,-1,-1,-1,-1,-1,-1,-1,-1,-1,-1,-1,-1,-1,-1,-1,-1,-1,-1,-1,-1,-1,-1,-1,-1,-1,-1,-1,-1,-1,-1,-1,-1,-1,-1,-1,-1,-1,-1,-1,-1,-1,-1,-1,-1,-1,-1,-1,-1,-1,-1,-1,-1,-1,-1,-1,-1,-1,-1,-1,-1,-1,-1,-1,-1,-1,-1,-1,-1,-1,-1,-1,-1,-1,-1,-1,-1,-1,-1,-1,-1,-1,-1,-1,-1,-1,-1,-1,-1,-1,-1,-1,-1,-1,-1,-1,-1,-1,-1,-1,-1,-1,-1,-1,-1,-1,-1,-1,-1,-1,-1,-1,-1,-1,-1,-1,-1,-1,-1,-1,-1,-1,-1,-1,-1,-1,-1,-1,-1,-1,-1,-1,-1,-1,-1,-1,-1,-1,-1,-1,-1,-1,-1,-1,-1,-1,-1,-1,-1,-1,-1,-1,-1,-1,-1,-1,-1,-1,-1,-1,-1,-1,-1,-1,-1,-1,-1,-1,-1,-1,-1,-1,-1,-1,-1,-1,-1,-1,-1,-1,-1,-1,-1,-1,-1,-1,-1,-1,-1,-1,-1,-1,-1,-1,-1,-1,-1,-1
-1,-1,-1,-1,-1,-1,-1,-1,-1,-1,-1,-1,-1,-1,-1,-1,-1,-1,-1,-1,-1,-1,-1,-1,-1,-1,-1,-1,-1,-1,-1,-1,-1,-1,-1,-1,-1,-1,-1,-1,-1,-1,-1,-1,-1,-1,-1,-1,-1,-1,-1,-1,-1,-1,-1,-1,-1,-1,-1,-1,-1,-1,-1,-1,-1,-1,-1,-1,-1,-1,-1,-1,-1,-1,-1,-1,-1,-1,-1,-1,-1,-1,-1,-1,-1,-1,-1,-1,-1,-1,-1,-1,-1,-1,-1,-1,-1,-1,-1,-1,-1,-1,-1,-1,-1,-1,-1,-1,-1,-1,-1,-1,-1,-1,-1,-1,-1,-1,-1,-1,-1,-1,-1,-1,-1,-1,-1,-1,-1,-1,-1,-1,-1,-1,-1,-1,-1,-1,-1,-1,-1,-1,-1,-1,-1,-1,-1,-1,-1,-1,-1,-1,-1,-1,-1,-1,-1,-1,-1,-1,-1,-1,-1,-1,-1,-1,-1,-1,-1,-1,-1,-1,-1,-1,-1,-1,-1,-1,-1,-1,-1,-1,-1,-1,-1,-1,-1,-1,-1,-1,-1,-1,-1,-1,-1,-1,-1,-1,-1,-1
-1,-1,-1,-1,-1,-1,-1,-1,-1,-1,-1,-1,-1,-1,-1,-1,-1,-1,-1,-1,-1,-1,-1,-1,-1,-1,-1,-1,-1,-1,-1,-1,-1,-1,-1,-1,-1,-1,-1,-1,-1,-1,-1,-1,-1,-1,-1,-1,-1,-1,-1,-1,-1,-1,-1,-1,-1,-1,-1,-1,-1,-1,-1,-1,-1,-1,-1,-1,-1,-1,-1,-1,-1,-1,-1,-1,-1,-1,-1,-1,-1,-1,-1,-1,-1,-1,-1,-1,-1,-1,-1,-1,-1,-1,-1,-1,-1,-1,-1,-1,-1,-1,-1,-1,-1,-1,-1,-1,-1,-1,-1,-1,-1,-1,-1,-1,-1,-1,-1,-1,-1,-1,-1,-1,-1,-1,-1,-1,-1,-1,-1,-1,-1,-1,-1,-1,-1,-1,-1,-1,-1,-1,-1,-1,-1,-1,-1,-1,-1,-1,-1,-1,-1,-1,-1,-1,-1,-1,-1,-1,-1,-1,-1,-1,-1,-1,-1,-1,-1,-1,-1,-1,-1,-1,-1,-1,-1,-1,-1,-1,-1,-1,-1,-1,-1,-1,-1,-1,-1,-1,-1,-1,-1,-1,-1,-1,-1,-1,-1,-1
-1,-1,-1,-1,-1,-1,-1,-1,-1,-1,-1,-1,-1,-1,-1,-1,-1,-1,-1,-1,-1,-1,-1,-1,-1,-1,-1,-1,-1,-1,-1,-1,-1,-1,-1,-1,-1,-1,-1,-1,-1,-1,-1,-1,-1,-1,-1,-1,-1,-1,-1,-1,-1,-1,-1,-1,-1,-1,-1,-1,-1,-1,-1,-1,-1,-1,-1,-1,-1,-1,-1,-1,-1,-1,-1,-1,-1,-1,-1,-1,-1,-1,-1,-1,-1,-1,-1,-1,-1,-1,-1,-1,-1,-1,-1,-1,-1,-1,-1,-1,-1,-1,-1,-1,-1,-1,-1,-1,-1,-1,-1,-1,-1,-1,-1,-1,-1,-1,-1,-1,-1,-1,-1,-1,-1,-1,-1,-1,-1,-1,-1,-1,-1,-1,-1,-1,-1,-1,-1,-1,-1,-1,-1,-1,-1,-1,-1,-1,-1,-1,-1,-1,-1,-1,-1,-1,-1,-1,-1,-1,-1,-1,-1,-1,-1,-1,-1,-1,-1,-1,-1,-1,-1,-1,-1,-1,-1,-1,-1,-1,-1,-1,-1,-1,-1,-1,-1,-1,-1,-1,-1,-1,-1,-1,-1,-1,-1,-1,-1,-1
-1,-1,-1,-1,-1,-1,-1,-1,-1,-1,-1,-1,-1,-1,-1,-1,-1,-1,-1,-1,-1,-1,-1,-1,-1,-1,-1,-1,-1,-1,-1,-1,-1,-1,-1,-1,-1,-1,-1,-1,-1,-1,-1,-1,-1,-1,-1,-1,-1,-1,-1,-1,-1,-1,-1,-1,-1,-1,-1,-1,-1,-1,-1,-1,-1,-1,-1,-1,-1,-1,-1,-1,-1,-1,-1,-1,-1,-1,-1,-1,-1,-1,-1,-1,-1,-1,-1,-1,-1,-1,-1,-1,-1,-1,-1,-1,-1,-1,-1,-1,-1,-1,-1,-1,-1,-1,-1,-1,-1,-1,-1,-1,-1,-1,-1,-1,-1,-1,-1,-1,-1,-1,-1,-1,-1,-1,-1,-1,-1,-1,-1,-1,-1,-1,-1,-1,-1,-1,-1,-1,-1,-1,-1,-1,-1,-1,-1,-1,-1,-1,-1,-1,-1,-1,-1,-1,-1,-1,-1,-1,-1,-1,-1,-1,-1,-1,-1,-1,-1,-1,-1,-1,-1,-1,-1,-1,-1,-1,-1,-1,-1,-1,-1,-1,-1,-1,-1,-1,-1,-1,-1,-1,-1,-1,-1,-1,-1,-1,-1,-1
-1,-1,-1,-1,-1,-1,-1,-1,-1,-1,-1,-1,-1,-1,-1,-1,-1,-1,-1,-1,-1,-1,-1,-1,-1,-1,-1,-1,-1,-1,-1,-1,-1,-1,-1,-1,-1,-1,-1,-1,-1,-1,-1,-1,-1,-1,-1,-1,-1,-1,-1,-1,-1,-1,-1,-1,-1,-1,-1,-1,-1,-1,-1,-1,-1,-1,-1,-1,-1,-1,-1,-1,-1,-1,-1,-1,-1,-1,-1,-1,-1,-1,-1,-1,-1,-1,-1,-1,-1,-1,-1,-1,-1,-1,-1,-1,-1,-1,-1,-1,-1,-1,-1,-1,-1,-1,-1,-1,-1,-1,-1,-1,-1,-1,-1,-1,-1,-1,-1,-1,-1,-1,-1,-1,-1,-1,-1,-1,-1,-1,-1,-1,-1,-1,-1,-1,-1,-1,-1,-1,-1,-1,-1,-1,-1,-1,-1,-1,-1,-1,-1,-1,-1,-1,-1,-1,-1,-1,-1,-1,-1,-1,-1,-1,-1,-1,-1,-1,-1,-1,-1,-1,-1,-1,-1,-1,-1,-1,-1,-1,-1,-1,-1,-1,-1,-1,-1,-1,-1,-1,-1,-1,-1,-1,-1,-1,-1,-1,-1,-1
-1,-1,-1,-1,-1,-1,-1,-1,-1,-1,-1,-1,-1,-1,-1,-1,-1,-1,-1,-1,-1,-1,-1,-1,-1,-1,-1,-1,-1,-1,-1,-1,-1,-1,-1,-1,-1,-1,-1,-1,-1,-1,-1,-1,-1,-1,-1,-1,-1,-1,-1,-1,-1,-1,-1,-1,-1,-1,-1,-1,-1,-1,-1,-1,-1,-1,-1,-1,-1,-1,-1,-1,-1,-1,-1,-1,-1,-1,-1,-1,-1,-1,-1,-1,-1,-1,-1,-1,-1,-1,-1,-1,-1,-1,-1,-1,-1,-1,-1,-1,-1,-1,-1,-1,-1,-1,-1,-1,-1,-1,-1,-1,-1,-1,-1,-1,-1,-1,-1,-1,-1,-1,-1,-1,-1,-1,-1,-1,-1,-1,-1,-1,-1,-1,-1,-1,-1,-1,-1,-1,-1,-1,-1,-1,-1,-1,-1,-1,-1,-1,-1,-1,-1,-1,-1,-1,-1,-1,-1,-1,-1,-1,-1,-1,-1,-1,-1,-1,-1,-1,-1,-1,-1,-1,-1,-1,-1,-1,-1,-1,-1,-1,-1,-1,-1,-1,-1,-1,-1,-1,-1,-1,-1,-1,-1,-1,-1,-1,-1,-1
-1,-1,-1,-1,-1,-1,-1,-1,-1,-1,-1,-1,-1,-1,-1,-1,-1,-1,-1,-1,-1,-1,-1,-1,-1,-1,-1,-1,-1,-1,-1,-1,-1,-1,-1,-1,-1,-1,-1,-1,-1,-1,-1,-1,-1,-1,-1,-1,-1,-1,-1,-1,-1,-1,-1,-1,-1,-1,-1,-1,-1,-1,-1,-1,-1,-1,-1,-1,-1,-1,-1,-1,-1,-1,-1,-1,-1,-1,-1,-1,-1,-1,-1,-1,-1,-1,-1,-1,-1,-1,-1,-1,-1,-1,-1,-1,-1,-1,-1,-1,-1,-1,-1,-1,-1,-1,-1,-1,-1,-1,-1,-1,-1,-1,-1,-1,-1,-1,-1,-1,-1,-1,-1,-1,-1,-1,-1,-1,-1,-1,-1,-1,-1,-1,-1,-1,-1,-1,-1,-1,-1,-1,-1,-1,-1,-1,-1,-1,-1,-1,-1,-1,-1,-1,-1,-1,-1,-1,-1,-1,-1,-1,-1,-1,-1,-1,-1,-1,-1,-1,-1,-1,-1,-1,-1,-1,-1,-1,-1,-1,-1,-1,-1,-1,-1,-1,-1,-1,-1,-1,-1,-1,-1,-1,-1,-1,-1,-1,-1,-1
